Activity Id,Date,Type,Route Name,Distance (km),Duration,Average Pace,Average Speed (km/h),Calories Burned,Climb (m),Average Heart Rate (bpm),Friend's Tagged,Notes,GPX File
3e1ee84f-dea2-4b73-a63b-0bb4f54da193,2023-12-31 06:55:59,Running,,4.21,23:38,5:37,10.68,340.0,22,,"","",2023-12-31-065559.gpx
bfb0c5eb-6835-43e6-8614-ace0d9a067c8,2023-12-30 05:48:54,Running,,4.00,22:49,5:42,10.52,341.0,64,,"","",2023-12-30-054854.gpx
1472a4c7-584a-4ebf-aea0-085f0cd87795,2023-12-28 16:53:50,Walking,,1.68,14:36,8:42,6.90,129.0,15,,"","",2023-12-28-165350.gpx
b02bdd2f-ae01-4089-81ea-04b28d45b01f,2023-12-28 16:24:27,Running,,5.04,26:37,5:17,11.36,434.0,96,,"","",2023-12-28-162427.gpx
0f28b1b5-7365-443c-aa0c-b6f70dad8b46,2023-12-28 11:58:16,Running,,0.81,4:38,5:44,10.47,71.0,16,,"","",2023-12-28-115816.gpx
c56e9d10-1825-4ea5-a4e0-47e1c79c941a,2023-12-27 10:42:22,Running,,5.00,20:56,4:11,14.34,426.0,92,,"","",2023-12-27-104222.gpx
492278dd-f334-40d0-b46f-08daf3606407,2023-12-27 10:30:14,Running,,0.92,5:36,6:05,9.86,87.0,36,,"","",2023-12-27-103014.gpx
4cf28b51-603d-4abe-b6ee-4d60a371bed3,2023-12-26 16:12:01,Walking,,1.88,17:06,9:06,6.60,145.0,17,,"","",2023-12-26-161201.gpx
c291b9b1-c480-4ad8-8176-ba2d1d6eb2d6,2023-12-26 11:46:26,Running,,5.00,25:41,5:08,11.67,428.0,95,,"","",2023-12-26-114626.gpx
878974d0-3db9-4268-89f8-a532c49d05dd,2023-12-25 11:21:45,Running,,3.94,21:45,5:31,10.87,337.0,70,,"","",2023-12-25-112145.gpx
e720f94b-258f-438e-8c30-c89d7f4467af,2023-12-25 10:14:28,Walking,,3.08,24:44,8:02,7.46,244.0,34,,"","",2023-12-25-101428.gpx
2d22f907-f0e3-4fc8-bd7e-af237d85c0c2,2023-12-24 07:14:42,Running,,8.01,44:35,5:34,10.78,678.0,113,,"","",2023-12-24-071442.gpx
87c22fb5-914b-434e-9c9b-144ab4d8175d,2023-12-23 10:35:08,Running,,5.12,24:47,4:50,12.40,440.0,99,,"","",2023-12-23-103508.gpx
e1858d5f-49bb-4ea1-9f4e-ef640a3d57ab,2023-12-22 09:26:25,Running,,4.31,22:49,5:17,11.35,369.0,70,,"","",2023-12-22-092625.gpx
42707a3d-39df-45ac-80f4-bb10fae88fe4,2023-12-21 14:10:35,Walking,,2.14,18:52,8:50,6.80,154.0,19,,"","",2023-12-21-141035.gpx
bfabb1ac-1628-4945-9411-8ec5c5d241f6,2023-12-21 09:06:11,Running,,5.06,27:46,5:29,10.93,437.0,97,,"","",2023-12-21-090611.gpx
2b676d42-ee1b-4581-9466-70624e564e6a,2023-12-20 16:10:04,Walking,,2.04,16:52,8:17,7.25,160.0,18,,"","",2023-12-20-161004.gpx
98ff046d-62da-4f27-b9cc-9211f64da593,2023-12-20 10:40:47,Running,,5.11,26:15,5:08,11.69,441.0,96,,"","",2023-12-20-104047.gpx
b4c1373b-3495-4fad-91ed-b1e08f0ed035,2023-12-19 10:58:16,Walking,,2.23,13:54,6:14,9.64,143.0,14,,"","",2023-12-19-105816.gpx
591df5b0-1433-4ff3-b3cc-5effdf23114a,2023-12-19 08:17:48,Running,,4.72,28:19,6:00,9.99,402.0,71,,"","",2023-12-19-081748.gpx
cca17172-dc0f-4a41-a039-a56673c322a4,2023-12-18 11:51:46,Running,,5.09,27:18,5:22,11.20,438.0,97,,"","",2023-12-18-115146.gpx
f4fa8107-0538-46ee-83c4-ad606d4a8ac0,2023-12-17 10:22:33,Running,,4.03,56:13,13:57,4.30,332.0,252,,"","",2023-12-17-102233.gpx
e1eba2da-7006-4969-839a-a6772d811369,2023-12-16 10:00:57,Running,,5.23,29:22,5:37,10.69,459.0,113,,"","",2023-12-16-100057.gpx
47ec75a5-e8db-455d-9fb0-2eeca5f02509,2023-12-15 11:58:40,Walking,,1.68,13:40,8:09,7.37,130.0,16,,"","",2023-12-15-115840.gpx
6dccefd8-d7e8-496b-a646-a99820b0d283,2023-12-15 11:26:44,Running,,5.04,27:22,5:26,11.06,433.0,95,,"","",2023-12-15-112644.gpx
4a9b8d1b-851b-4356-80e0-a262669cacb8,2023-12-14 17:23:25,Walking,,1.52,19:18,12:40,4.74,100.0,17,,"","",2023-12-14-172325.gpx
61458f59-7dcf-48b4-82ee-3daacd486877,2023-12-14 11:50:17,Running,,5.03,26:41,5:18,11.31,434.0,96,,"","",2023-12-14-115017.gpx
44088859-b76a-4435-9d20-caa11d9bcec9,2023-12-13 11:17:44,Running,,5.30,27:36,5:12,11.53,460.0,103,,"","",2023-12-13-111744.gpx
ac9fdb4a-0f62-4e36-a1ba-0cf339bf87e1,2023-12-12 16:38:08,Walking,,2.04,17:26,8:33,7.01,159.0,18,,"","",2023-12-12-163808.gpx
679e2368-7b43-4a75-a436-5141471cada2,2023-12-12 08:17:15,Running,,4.90,30:14,6:10,9.72,407.0,72,,"","",2023-12-12-081715.gpx
231f6809-b8e2-4e8e-b7fb-47381756aeb6,2023-12-11 14:41:56,Walking,,2.08,17:10,8:16,7.25,161.0,18,,"","",2023-12-11-144156.gpx
945f910b-a012-41de-bafd-eb66647d93d7,2023-12-11 11:23:54,Running,,5.30,27:08,5:07,11.71,465.0,123,,"","",2023-12-11-112354.gpx
13837f84-6117-4b10-ad0e-0a35a567b102,2023-12-10 07:36:21,Running,,10.31,55:58,5:26,11.05,876.0,157,,"","",2023-12-10-073621.gpx
dba7704f-a745-4d3a-8bd0-3c25fddba6eb,2023-12-09 08:29:11,Running,,5.79,33:48,5:50,10.28,520.0,161,,"","",2023-12-09-082911.gpx
570925db-7d99-4a3d-906a-fb112bef73f7,2023-12-08 09:36:50,Cycling,,13.55,50:40,3:44,16.05,371.0,283,,"","",2023-12-08-093650.gpx
0e6eca5c-0324-4009-9f95-d22570d55ea9,2023-12-07 15:38:45,Walking,,1.10,10:36,9:39,6.22,82.0,11,,"","",2023-12-07-153845.gpx
e6df52ae-3ce3-470c-8398-5721294d055b,2023-12-06 16:03:45,Walking,,1.74,14:02,8:03,7.45,137.0,17,,"","",2023-12-06-160345.gpx
8b5bace1-c7bf-4585-8e9f-f3730ee453db,2023-12-06 11:53:03,Running,,4.00,22:31,5:38,10.67,341.0,70,,"","",2023-12-06-115303.gpx
c0da9509-5d9b-4705-9055-b5d7d6f12280,2023-12-05 11:59:09,Walking,,2.04,16:29,8:04,7.44,162.0,19,,"","",2023-12-05-115909.gpx
cfdeceac-30a0-40d3-b51b-bf3f94a9f0af,2023-12-05 08:06:28,Running,,4.98,27:45,5:34,10.77,424.0,75,,"","",2023-12-05-080628.gpx
077f8bb7-88a0-4996-bce2-bca016087d3d,2023-12-04 15:11:23,Walking,,2.02,17:29,8:38,6.95,158.0,18,,"","",2023-12-04-151123.gpx
fb99b495-821a-4b91-ace6-b56f72f57923,2023-12-04 11:44:52,Running,,5.20,26:26,5:05,11.81,449.0,101,,"","",2023-12-04-114452.gpx
3931a3e1-2bd7-480c-a3d1-f7705729ac49,2023-12-03 10:00:06,Running,,5.02,27:10,5:25,11.09,433.0,95,,"","",2023-12-03-100006.gpx
f036bc8c-c060-4811-b1f9-6f6740312f6d,2023-12-02 10:46:04,Running,,1.35,7:00,5:12,11.54,108.0,6,,"","",2023-12-02-104604.gpx
35781a7b-0976-4740-8f29-8e34cb049f9b,2023-12-02 09:33:29,Running,,4.67,25:20,5:25,11.06,397.0,100,,"","",2023-12-02-093329.gpx
1b26759a-29e7-4e53-b8bc-acb3d03af2d2,2023-12-02 09:16:04,Running,,1.32,8:03,6:05,9.86,127.0,62,,"","",2023-12-02-091604.gpx
adf4a99d-a796-4c45-9bc5-df1d1543c73a,2023-12-01 07:37:40,Running,,5.10,27:40,5:25,11.07,439.0,95,,"","",2023-12-01-073740.gpx
6f07246e-0de2-44ae-a5bc-45216b20bd76,2023-11-30 14:47:51,Walking,,1.87,15:50,8:28,7.09,150.0,17,,"","",2023-11-30-144751.gpx
58bd769e-899c-4525-8a9f-455693cb7e16,2023-11-30 07:03:45,Running,,6.36,33:21,5:15,11.45,550.0,127,,"","",2023-11-30-070345.gpx
d96fb706-d532-4d38-b4b9-aedf96616faa,2023-11-29 07:29:43,Running,,4.10,22:56,5:36,10.72,351.0,73,,"","",2023-11-29-072943.gpx
76747084-3428-48ad-bb7e-94ff17e3fc4c,2023-11-28 08:21:57,Running,,7.93,43:04,5:26,11.05,670.0,112,,"","",2023-11-28-082157.gpx
7f4050af-7918-4493-a46e-f7b11b8d698a,2023-11-27 16:59:28,Running,,3.78,20:37,5:27,11.00,313.0,56,,"","",2023-11-27-165928.gpx
0dbaa6e5-ad06-4c0a-84bf-e238450ca491,2023-11-26 08:31:12,Running,,6.45,36:12,5:37,10.70,551.0,105,,"","",2023-11-26-083112.gpx
9974c385-7630-47f1-8556-baa24c47029c,2023-11-26 07:20:45,Running,,5.29,29:22,5:33,10.82,473.0,146,,"","",2023-11-26-072045.gpx
27a371be-6ddc-4ffd-9021-de96c2d48f41,2023-11-25 09:28:43,Running,,5.04,26:07,5:11,11.59,437.0,99,,"","",2023-11-25-092843.gpx
05c169b1-e29a-4ab3-929a-01a7ec803830,2023-11-24 12:06:19,Running,,5.04,27:08,5:23,11.14,435.0,96,,"","",2023-11-24-120619.gpx
f85e327f-87f9-4ce4-ba8d-2d795c3f4b5d,2023-11-23 16:42:50,Running,,5.04,28:12,5:36,10.72,434.0,96,,"","",2023-11-23-164250.gpx
161b748a-09d2-455f-aec9-f452828a302a,2023-11-22 07:32:39,Running,,4.88,30:03,6:10,9.74,404.0,44,,"","",2023-11-22-073239.gpx
1be00c6f-cd77-4331-9e6c-06c965d31fff,2023-11-21 07:04:33,Running,,5.22,30:09,5:47,10.39,426.0,35,,"","",2023-11-21-070433.gpx
24ab9aa8-4e15-4725-ad91-2f90a21bdf2c,2023-11-20 10:18:46,Walking,,5.81,1:33:28,16:06,3.73,371.0,99,,"","",2023-11-20-101846.gpx
d8dd5a44-a796-4c1b-acc1-8bb61421d795,2023-11-19 10:06:24,Walking,,6.10,1:46:31,17:27,3.44,402.0,111,,"","",2023-11-19-100624.gpx
fdb20cc3-e7da-42b7-9b73-f0cfe6dd85f9,2023-11-18 17:32:19,Running,,4.04,20:59,5:12,11.55,335.0,39,,"","",2023-11-18-173219.gpx
c1fe79f7-5946-4541-8b34-2f936809a1a4,2023-11-16 08:17:12,Running,,6.01,38:07,6:20,9.46,513.0,94,,"","",2023-11-16-081712.gpx
d269b958-77a3-4d05-81e8-d81891808b06,2023-11-15 16:18:17,Running,,5.04,27:57,5:33,10.82,434.0,98,,"","",2023-11-15-161817.gpx
cc18c1ad-3caa-4969-be90-99e8dbaf708a,2023-11-14 17:35:13,Walking,,1.71,19:04,11:10,5.37,128.0,16,,"","",2023-11-14-173513.gpx
77828f05-0366-47e5-86dd-da9134380559,2023-11-14 16:06:33,Running,,5.12,27:51,5:26,11.03,442.0,100,,"","",2023-11-14-160633.gpx
febab02b-ed98-4bc9-b4e7-b2f327d76755,2023-11-12 19:26:45,Running,,13.66,1:00:51,4:27,13.47,1172.0,297,,"","",2023-11-12-192645.gpx
37c49f9e-463e-4ff3-b022-4c4e76cfeb32,2023-11-12 09:14:54,Walking,,2.07,14:42,7:07,8.43,168.0,18,,"","",2023-11-12-091454.gpx
8ee07c9a-09ad-498c-99fb-a8e1d2ccf783,2023-11-11 16:30:12,Walking,,1.99,19:31,9:49,6.11,149.0,17,,"","",2023-11-11-163012.gpx
ff25403c-ba3e-4055-9665-d590808df7dc,2023-11-11 09:25:28,Running,,3.85,22:12,5:46,10.40,336.0,80,,"","",2023-11-11-092528.gpx
4d56adca-67d7-43bb-a75c-ff34e4292c19,2023-11-11 09:11:26,Running,,1.28,8:04,6:18,9.52,122.0,61,,"","",2023-11-11-091126.gpx
d513ff8f-bc79-45d8-9ea7-3a782c627acd,2023-11-10 13:50:53,Running,,4.00,22:48,5:42,10.54,342.0,71,,"","",2023-11-10-135053.gpx
dbc8d8f3-c66d-44d0-bec7-d68138de922d,2023-11-09 08:15:47,Running,,6.00,35:36,5:56,10.12,513.0,93,,"","",2023-11-09-081547.gpx
0e4ecb2f-9227-4b44-98ce-0a6887bbc501,2023-11-08 15:51:55,Walking,,1.70,13:48,8:06,7.40,134.0,14,,"","",2023-11-08-155155.gpx
f767952f-7167-46e7-a54e-928c999e539a,2023-11-08 14:58:42,Running,,5.03,26:26,5:15,11.41,434.0,96,,"","",2023-11-08-145842.gpx
297290cc-a2fd-4ae3-a84d-b15bec409d04,2023-11-07 14:16:00,Running,,5.07,27:00,5:19,11.27,439.0,97,,"","",2023-11-07-141600.gpx
aaa11c13-5c05-46cd-9add-86bd785ed6f3,2023-11-05 06:30:24,Running,,22.03,2:59:34,8:09,7.36,1954.0,1054,,"","",2023-11-05-063024.gpx
285ae79c-14c4-4cac-aefd-67c047744b1e,2023-11-04 09:29:05,Running,,3.44,19:32,5:40,10.58,304.0,84,,"","",2023-11-04-092905.gpx
ff367b10-51c5-4466-84be-e0ff1cba53e9,2023-11-03 15:10:56,Walking,,2.01,15:35,7:45,7.75,161.0,17,,"","",2023-11-03-151056.gpx
bc21f07c-6f63-4d49-9592-64b3781375a6,2023-11-03 12:29:32,Running,,5.04,25:09,4:59,12.03,434.0,94,,"","",2023-11-03-122932.gpx
726ef421-9077-49ef-a83b-3b94260d8913,2023-11-02 17:35:55,Running,,3.11,16:57,5:27,11.00,266.0,53,,"","",2023-11-02-173555.gpx
94604514-77e3-4f57-8aea-3bfbbf1209c6,2023-11-01 08:27:20,Running,,4.97,27:19,5:30,10.92,430.0,97,,"","",2023-11-01-082720.gpx
942d6649-31cf-4f62-8135-e9426aa8080a,2023-10-31 11:50:19,Walking,,1.70,13:36,8:01,7.49,136.0,16,,"","",2023-10-31-115019.gpx
91ecfaa7-b0ea-484b-b9cc-31c4a72a2269,2023-10-31 08:14:13,Running,,7.93,43:01,5:25,11.07,670.0,112,,"","",2023-10-31-081413.gpx
8e00e4dd-7bf7-4138-9689-c9bacac462e5,2023-10-30 12:17:06,Walking,,1.65,13:29,8:10,7.35,131.0,15,,"","",2023-10-30-121706.gpx
2f56b70c-b996-45ae-a536-e07cad62b7f1,2023-10-30 11:18:11,Running,,5.08,26:56,5:18,11.32,437.0,96,,"","",2023-10-30-111811.gpx
9f4362d7-7910-43a6-afb1-4e0d43cf014d,2023-10-29 08:29:53,Running,,10.33,1:05:07,6:18,9.51,854.0,124,,"","",2023-10-29-082953.gpx
47c20b35-1dbd-475f-a13d-85f47de57c0a,2023-10-29 07:34:38,Cycling,,13.06,33:26,2:34,23.43,296.0,169,,"","",2023-10-29-073438.gpx
666c2408-9c2f-45a9-a9ee-2e925675a15c,2023-10-28 09:44:00,Running,,2.00,8:11,4:06,14.63,169.0,35,,"","",2023-10-28-094400.gpx
12c4a0a5-5f4d-48ed-a5dd-b9a4dc4c0c81,2023-10-28 09:22:15,Running,,3.55,18:40,5:15,11.42,312.0,79,,"","",2023-10-28-092215.gpx
2e3bae81-5a11-4fe4-a814-de09dd14f127,2023-10-28 09:06:05,Running,,1.16,7:10,6:11,9.71,112.0,52,,"","",2023-10-28-090605.gpx
7a799492-e420-4927-b3b0-ec1547b0c1d6,2023-10-27 11:54:49,Running,,5.10,26:46,5:15,11.43,439.0,97,,"","",2023-10-27-115449.gpx
a0fcb98b-149a-4fbd-92fa-84aec7317739,2023-10-26 11:51:28,Walking,,1.53,10:43,7:00,8.58,125.0,24,,"","",2023-10-26-115128.gpx
33be7d6e-df8b-44cb-ba28-2e0a5c213c0c,2023-10-26 08:19:34,Running,,7.15,39:46,5:34,10.78,607.0,108,,"","",2023-10-26-081934.gpx
6eef81e1-026f-429e-8a09-12c64a98ad0a,2023-10-25 11:39:40,Walking,,2.11,15:35,7:23,8.12,172.0,18,,"","",2023-10-25-113940.gpx
cda2d4cc-59e7-4a05-aa5f-670e4a44bfb5,2023-10-25 08:09:19,Running,,6.07,32:31,5:21,11.20,526.0,120,,"","",2023-10-25-080919.gpx
dae4776a-541b-4c7c-b9b7-20aae500ceac,2023-10-24 17:17:55,Running,,3.44,17:33,5:06,11.75,293.0,61,,"","",2023-10-24-171755.gpx
0ce95759-b045-4c3f-843b-1a0d146b4543,2023-10-23 14:45:00,Running,,5.05,26:27,5:14,11.46,434.0,93,,"","",2023-10-23-144500.gpx
5678eadc-136d-4f27-8cd2-fa6079b117a6,2023-10-22 10:53:50,Running,,5.02,27:45,5:31,10.86,433.0,94,,"","",2023-10-22-105350.gpx
33cccddd-a25a-4546-aeea-c6ec8928df53,2023-10-21 09:09:35,Running,,5.30,29:31,5:34,10.78,470.0,138,,"","",2023-10-21-090935.gpx
2877c4a7-3725-4485-9c31-180630c9df17,2023-10-20 12:18:39,Running,,5.05,26:56,5:20,11.24,434.0,94,,"","",2023-10-20-121839.gpx
f6dec457-bdf3-402d-878a-cf35b13c7292,2023-10-19 12:01:06,Walking,,1.96,16:14,8:18,7.23,153.0,17,,"","",2023-10-19-120106.gpx
2be84619-f4a0-4465-bf62-46ad62a2598c,2023-10-19 08:21:34,Running,,6.15,35:51,5:49,10.30,525.0,95,,"","",2023-10-19-082134.gpx
d31df774-41cc-4f6a-8e9b-551f88237272,2023-10-18 17:42:42,Running,,3.11,17:22,5:35,10.76,266.0,54,,"","",2023-10-18-174242.gpx
0252bb73-fd0c-46d7-a2df-cec48440dbd2,2023-10-17 11:51:37,Running,,3.19,17:07,5:22,11.20,274.0,55,,"","",2023-10-17-115137.gpx
d7bb1d51-eaf4-46f0-992e-877293212288,2023-10-17 11:31:43,Walking,,1.68,14:52,8:51,6.78,133.0,15,,"","",2023-10-17-113143.gpx
95a6f9e3-ba10-434e-a561-ccb36058f320,2023-10-15 06:04:26,Running,,21.55,1:36:07,4:28,13.45,1839.0,395,,"","",2023-10-15-060426.gpx
3301cb93-a786-4bef-917a-d732a7b96202,2023-10-14 09:05:54,Running,,2.42,13:42,5:39,10.61,222.0,79,,"","",2023-10-14-090554.gpx
7820f4b8-e218-4d8d-b374-91513374563a,2023-10-13 10:34:22,Running,,5.01,26:26,5:16,11.38,432.0,96,,"","",2023-10-13-103422.gpx
d30f6546-6da2-4783-acef-79d4c60685b0,2023-10-12 11:06:03,Walking,,1.97,14:04,7:09,8.38,156.0,16,,"","",2023-10-12-110603.gpx
a1aa0f5e-f93a-4bba-8a12-5f2a2ea7d9b7,2023-10-12 07:38:53,Running,,9.89,54:28,5:31,10.89,837.0,140,,"","",2023-10-12-073853.gpx
0836030d-2db8-43d7-acac-686a3fe49658,2023-10-11 16:57:30,Walking,,1.73,12:50,7:26,8.08,135.0,16,,"","",2023-10-11-165730.gpx
8123ae91-80f6-49cb-948c-ffb103cf0e11,2023-10-11 15:52:40,Running,,5.16,26:37,5:10,11.63,444.0,98,,"","",2023-10-11-155240.gpx
8788866d-4a15-4ea4-977c-306a98ff42d5,2023-10-10 14:15:18,Walking,,1.74,15:00,8:38,6.95,130.0,15,,"","",2023-10-10-141518.gpx
275fe02b-1991-4bbe-8041-6359aa354fd8,2023-10-10 11:23:37,Running,,5.01,26:40,5:19,11.27,432.0,94,,"","",2023-10-10-112337.gpx
af4631b4-7e14-4219-b6e7-efca2b760689,2023-10-09 16:43:23,Walking,,1.97,17:10,8:42,6.90,150.0,17,,"","",2023-10-09-164323.gpx
ce40a143-2652-4018-a043-ff99aa44cdb8,2023-10-09 15:26:03,Running,,5.04,26:20,5:13,11.49,433.0,93,,"","",2023-10-09-152603.gpx
de846cb0-d8f4-48d5-9769-108e08538a5d,2023-10-08 11:52:42,Running,,5.00,27:35,5:31,10.88,432.0,97,,"","",2023-10-08-115242.gpx
e06ffc4d-fcb9-45d5-a7e8-4cbaef44fc2c,2023-10-08 10:11:59,Walking,,1.71,14:07,8:16,7.26,131.0,16,,"","",2023-10-08-101159.gpx
cc41f14c-bd5c-448e-bae7-975ae9d11e23,2023-10-07 09:24:11,Running,,1.55,8:13,5:18,11.34,127.0,16,,"","",2023-10-07-092411.gpx
707bce02-06ad-4059-893f-bcc2e6074204,2023-10-06 15:18:56,Running,,5.04,26:16,5:13,11.52,436.0,97,,"","",2023-10-06-151856.gpx
d258e118-be27-4f80-b843-4a3ca4940ac2,2023-10-06 14:58:38,Walking,,1.98,16:08,8:09,7.37,158.0,17,,"","",2023-10-06-145838.gpx
a620d8c5-af8b-43d3-9d90-bff964582ff4,2023-10-05 07:43:06,Running,,12.11,1:06:50,5:31,10.88,1029.0,182,,"","",2023-10-05-074306.gpx
d8906278-46f2-44db-b156-97f906a21255,2023-10-04 15:40:54,Walking,,1.95,15:07,7:45,7.75,158.0,18,,"","",2023-10-04-154054.gpx
04d46e7e-4059-47f3-9ad4-8c0cc443b19f,2023-10-04 15:19:21,Running,,4.02,19:44,4:54,12.23,342.0,65,,"","",2023-10-04-151921.gpx
20e6248a-52e5-4ae5-ab52-194c2311685b,2023-10-03 11:41:33,Walking,,1.18,10:17,8:41,6.90,95.0,9,,"","",2023-10-03-114133.gpx
b56b0908-3a9b-47eb-9618-a08a784c7696,2023-10-03 08:11:29,Running,,8.98,47:50,5:20,11.26,780.0,183,,"","",2023-10-03-081129.gpx
098fac51-d191-4f43-b01c-cad76c7cfe88,2023-10-02 15:43:20,Walking,,1.94,14:54,7:40,7.82,157.0,17,,"","",2023-10-02-154320.gpx
e8bbb426-0fb4-4c1d-a436-b29844fd5de3,2023-10-02 15:11:43,Running,,5.04,24:50,4:55,12.18,432.0,94,,"","",2023-10-02-151143.gpx
fe46d606-acb8-48a1-ba94-d3bd26495b7d,2023-10-01 08:00:35,Running,,19.34,2:18:37,7:10,8.37,1722.0,810,,"","",2023-10-01-080035.gpx
5c970f1f-2995-4108-89f6-b5eb53ae3c2f,2023-09-30 09:46:44,Running,,3.14,16:44,5:19,11.27,277.0,70,,"","",2023-09-30-094644.gpx
97a5b654-b217-4735-9f4e-d9cbd0609150,2023-09-30 09:23:18,Running,,3.00,13:56,4:38,12.93,257.0,61,,"","",2023-09-30-092318.gpx
be78223b-d067-4204-bd23-898936f3acf1,2023-09-30 09:08:01,Running,,1.20,6:58,5:48,10.33,116.0,54,,"","",2023-09-30-090801.gpx
62398644-dfcc-4784-8e1a-d0d5b06f1db4,2023-09-29 16:10:01,Walking,,2.00,14:23,7:11,8.35,161.0,17,,"","",2023-09-29-161001.gpx
cac8a16a-7d15-4901-b238-6787da6fb63f,2023-09-29 07:20:08,Running,,5.02,26:26,5:16,11.39,433.0,94,,"","",2023-09-29-072008.gpx
705f2a60-f984-4a15-8a26-eb09504b336c,2023-09-28 12:13:29,Walking,,2.02,15:53,7:53,7.62,162.0,18,,"","",2023-09-28-121329.gpx
7cf6c0c8-f139-4666-8ecc-51c4594c0e0e,2023-09-28 08:19:09,Running,,9.01,52:09,5:47,10.36,764.0,130,,"","",2023-09-28-081909.gpx
021ca845-179e-48e7-aa74-12711a39eeb7,2023-09-27 15:26:47,Running,,5.03,25:55,5:09,11.65,433.0,93,,"","",2023-09-27-152647.gpx
5506f130-d8ba-4085-853d-4e8021aab1be,2023-09-27 11:05:07,Walking,,2.01,15:16,7:36,7.90,162.0,17,,"","",2023-09-27-110507.gpx
ed03b260-8f3b-4850-ad0a-f7904e916466,2023-09-26 08:22:44,Running,,8.00,47:01,5:53,10.20,678.0,113,,"","",2023-09-26-082244.gpx
fc9cbe55-6fa2-4586-88d8-777e6858c87e,2023-09-25 08:42:13,Running,,4.50,23:32,5:14,11.48,375.0,43,,"","",2023-09-25-084213.gpx
c6cbda93-5d0e-40a9-94c5-1703cc9471f8,2023-09-24 09:09:08,Running,,7.00,35:22,5:03,11.87,583.0,73,,"","",2023-09-24-090908.gpx
a4786554-64df-4d60-a19e-127b1c55f4ec,2023-09-23 08:58:11,Running,,6.22,32:17,5:12,11.56,519.0,70,,"","",2023-09-23-085811.gpx
d7faca1a-81db-4769-9ff9-bad548cdba20,2023-09-21 16:30:40,Walking,,1.96,15:32,7:56,7.56,155.0,17,,"","",2023-09-21-163040.gpx
cb5d91ee-e463-45ad-a568-7621b8ba423e,2023-09-21 08:22:33,Running,,8.02,45:18,5:39,10.62,680.0,113,,"","",2023-09-21-082233.gpx
4c66443f-c7ef-4463-8b49-31c85dc11de4,2023-09-20 15:43:56,Running,,5.07,24:24,4:49,12.46,435.0,94,,"","",2023-09-20-154356.gpx
a5f0c473-1962-410f-b4ad-7d56ff3644c5,2023-09-20 12:05:36,Walking,,1.99,16:01,8:04,7.44,158.0,17,,"","",2023-09-20-120536.gpx
bfe036d5-82b6-434f-9abf-0081e89c78d3,2023-09-19 11:55:45,Walking,,1.91,14:23,7:33,7.95,151.0,15,,"","",2023-09-19-115545.gpx
a4d3a938-7bea-4142-a20a-627bd6cb68a6,2023-09-19 08:23:29,Running,,7.93,44:32,5:37,10.68,671.0,110,,"","",2023-09-19-082329.gpx
24573273-d5aa-4cd1-bdad-145ac35a4a31,2023-09-18 14:22:54,Walking,,1.93,15:48,8:12,7.32,152.0,17,,"","",2023-09-18-142254.gpx
907a4e98-e14f-4955-94c1-38f7cc15b2c9,2023-09-18 10:33:40,Running,,5.02,25:46,5:08,11.68,431.0,95,,"","",2023-09-18-103340.gpx
42cdf20b-0549-4813-ab96-443951b01193,2023-09-16 09:28:21,Running,,5.00,19:28,3:53,15.42,424.0,99,,"","",2023-09-16-092821.gpx
7c757af1-fd35-42c2-befd-0bb565717d88,2023-09-16 09:07:51,Running,,2.27,13:45,6:03,9.93,207.0,70,,"","",2023-09-16-090751.gpx
afb7214a-8c17-4e2d-b60d-852cfa721020,2023-09-15 16:00:15,Walking,,1.91,15:58,8:21,7.19,148.0,16,,"","",2023-09-15-160015.gpx
0c99b426-c51c-4377-8266-5f29450154ba,2023-09-15 12:36:07,Running,,5.05,26:42,5:17,11.35,436.0,95,,"","",2023-09-15-123607.gpx
51ae43f1-61e5-4be6-be69-01d66b0ab5bf,2023-09-14 12:02:47,Walking,,1.97,14:55,7:34,7.92,157.0,18,,"","",2023-09-14-120247.gpx
2d1eecb3-c12f-46cf-8ecc-0673a1090d2c,2023-09-14 08:16:10,Running,,8.10,46:55,5:48,10.36,705.0,169,,"","",2023-09-14-081610.gpx
723ddcec-d50e-492b-a791-d01251253a4f,2023-09-13 16:43:16,Running,,5.00,28:44,5:45,10.43,431.0,94,,"","",2023-09-13-164316.gpx
026a4f4b-a806-43a4-ac16-4f292e5293f9,2023-09-13 16:24:27,Walking,,1.90,15:42,8:17,7.25,146.0,16,,"","",2023-09-13-162427.gpx
deb4fb7b-6dc7-4cbe-b0da-7bb2e13e2723,2023-09-12 08:20:18,Running,,8.00,44:37,5:35,10.76,679.0,113,,"","",2023-09-12-082018.gpx
dd20f7aa-8bb6-4f47-8ad0-4e19f5a73569,2023-09-11 16:55:06,Walking,,1.80,15:31,8:37,6.96,141.0,16,,"","",2023-09-11-165506.gpx
8a08d224-769c-4eb3-a4e1-e221cd3a35d8,2023-09-11 10:34:52,Running,,5.04,27:01,5:22,11.19,436.0,97,,"","",2023-09-11-103452.gpx
bbfb0fe2-18de-4bb2-b9b1-74c7949ec87c,2023-09-10 07:41:50,Running,,12.31,1:35:57,7:48,7.70,1101.0,600,,"","",2023-09-10-074150.gpx
91e881a6-b75d-4dea-801a-410bed066b3f,2023-09-09 09:03:33,Running,,8.09,49:02,6:04,9.89,705.0,189,,"","",2023-09-09-090333.gpx
76f54dee-bd36-45ad-bd7b-2fbbf09540dc,2023-09-08 15:43:42,Walking,,1.91,14:40,7:41,7.81,151.0,16,,"","",2023-09-08-154342.gpx
c83150cd-f91e-47d6-8bab-b87c0cbc5804,2023-09-08 08:36:23,Running,,5.00,28:04,5:37,10.69,431.0,96,,"","",2023-09-08-083623.gpx
c1ae1c5f-9e7a-466f-ad1a-8de82337edf3,2023-09-07 08:19:06,Walking,,2.00,18:09,9:04,6.62,154.0,18,,"","",2023-09-07-081906.gpx
74b03cff-95e4-476a-a38e-de6ca111acf5,2023-09-07 07:30:46,Running,,5.07,28:16,5:35,10.75,436.0,95,,"","",2023-09-07-073046.gpx
04442af8-5b1b-4c8e-9c88-3647dcc78720,2023-09-06 16:48:28,Walking,,1.97,16:36,8:26,7.11,152.0,17,,"","",2023-09-06-164828.gpx
e38620fa-6110-4fcf-8818-be18bff127f1,2023-09-06 10:48:02,Running,,5.01,28:29,5:41,10.56,431.0,93,,"","",2023-09-06-104802.gpx
1a1b4ff9-6c0f-4394-a1f0-64586eaccbcd,2023-09-05 15:20:30,Walking,,1.93,15:14,7:54,7.60,152.0,14,,"","",2023-09-05-152030.gpx
eff6dce1-a890-4735-a6d4-7b2b7e6863ef,2023-09-05 08:24:33,Running,,8.08,42:37,5:17,11.37,703.0,171,,"","",2023-09-05-082433.gpx
b7c8c905-6f83-4c52-bde8-6f5555ff826c,2023-09-02 09:24:10,Running,,7.30,38:31,5:16,11.38,627.0,151,,"","",2023-09-02-092410.gpx
81b3b340-246d-4a1f-9e58-e105e82be57d,2023-09-02 09:11:13,Running,,1.09,6:54,6:20,9.46,104.0,47,,"","",2023-09-02-091113.gpx
18fc09ee-b622-400c-ae89-5cd1709632dd,2023-09-01 17:22:55,Running,,4.14,23:32,5:41,10.55,356.0,75,,"","",2023-09-01-172255.gpx
985d9927-3958-48de-b2f6-229aa73bf543,2023-09-01 17:08:09,Walking,,1.68,13:44,8:12,7.32,132.0,15,,"","",2023-09-01-170809.gpx
b85a8dac-cbaa-4e59-a8cd-cda9429bcb74,2023-08-31 15:15:50,Walking,,1.87,15:40,8:24,7.15,147.0,18,,"","",2023-08-31-151550.gpx
b2418e4d-3b60-4e67-b0d4-7cb7147f1964,2023-08-31 08:20:05,Running,,7.91,48:15,6:06,9.84,674.0,111,,"","",2023-08-31-082005.gpx
29e648da-516e-4727-8abf-1423c01b215c,2023-08-30 17:17:20,Walking,,1.43,12:15,8:35,6.99,116.0,15,,"","",2023-08-30-171720.gpx
eab805e6-a74a-4db0-b454-0a60f744248c,2023-08-30 11:49:16,Running,,5.15,27:12,5:17,11.37,440.0,83,,"","",2023-08-30-114916.gpx
cb319527-993e-4c9c-9312-67c26f339ae9,2023-08-29 08:20:30,Running,,7.92,39:31,4:59,12.02,666.0,110,,"","",2023-08-29-082030.gpx
77536087-765e-45ce-9157-cba7c4cced1e,2023-08-28 17:02:14,Running,,4.00,22:04,5:31,10.88,345.0,73,,"","",2023-08-28-170214.gpx
16543652-bae1-4f05-a7d7-2be9bbf8e85f,2023-08-28 16:05:17,Walking,,1.98,15:29,7:49,7.67,155.0,17,,"","",2023-08-28-160517.gpx
3199ca9f-174f-433d-a9ee-3c2a3d21f73a,2023-08-26 09:59:31,Running,,1.00,5:52,5:53,10.20,76.0,0,,"","",2023-08-26-095931.gpx
f256b876-8682-4c7b-9a75-50fcf6ec16ef,2023-08-26 09:23:31,Running,,5.00,20:14,4:03,14.82,422.0,90,,"","",2023-08-26-092331.gpx
7fc2462d-9115-41ee-ab0a-89c99bee4650,2023-08-26 09:09:03,Running,,1.10,6:58,6:20,9.48,106.0,48,,"","",2023-08-26-090903.gpx
ee728c58-b186-45ff-8bc9-dcb2b315feb8,2023-08-25 12:39:16,Walking,,1.57,12:39,8:04,7.43,126.0,16,,"","",2023-08-25-123916.gpx
54eed573-7e6d-4c26-b34e-8c4ab9f15285,2023-08-25 11:50:30,Running,,4.51,23:34,5:14,11.47,387.0,83,,"","",2023-08-25-115030.gpx
58830d92-4245-4f1e-9180-b82657f30b65,2023-08-24 15:13:40,Walking,,1.70,13:16,7:48,7.69,135.0,16,,"","",2023-08-24-151340.gpx
c0004571-94cd-4346-8fdb-21395ffea36c,2023-08-24 08:23:16,Running,,8.00,45:24,5:40,10.57,679.0,112,,"","",2023-08-24-082316.gpx
33c0fd9e-9d80-44cd-942d-6bbbbc9a0a1e,2023-08-23 16:11:43,Walking,,1.70,14:03,8:15,7.27,133.0,17,,"","",2023-08-23-161143.gpx
5b1ac51f-b42c-4682-a51c-c5f254e1ee04,2023-08-23 10:51:56,Running,,5.86,31:06,5:18,11.31,506.0,111,,"","",2023-08-23-105156.gpx
1e96da5d-07fe-444e-be88-9e337af3b9b1,2023-08-22 12:14:52,Walking,,1.71,13:28,7:54,7.60,137.0,17,,"","",2023-08-22-121452.gpx
9aac519a-9a81-4148-b2b2-8ec7bb2338da,2023-08-22 08:18:59,Running,,5.80,33:47,5:50,10.30,494.0,89,,"","",2023-08-22-081859.gpx
e6b96e28-3f19-4b9d-b810-e54a71ad92de,2023-08-21 10:58:22,Running,,5.05,24:34,4:52,12.34,433.0,94,,"","",2023-08-21-105822.gpx
22c78656-0f49-43ba-a349-0c4729880139,2023-08-21 10:32:44,Walking,,2.02,14:24,7:07,8.44,163.0,17,,"","",2023-08-21-103244.gpx
04aed76b-2ea1-44cb-a33a-270f2cd36646,2023-08-20 10:38:44,Walking,,1.75,20:11,11:31,5.21,130.0,16,,"","",2023-08-20-103844.gpx
25cec5c5-d312-4f8d-bf81-8a3d25543091,2023-08-20 08:51:19,Running,,9.15,50:00,5:28,10.98,786.0,165,,"","",2023-08-20-085119.gpx
12aed657-1866-4dd4-8676-31923495faf2,2023-08-19 09:57:42,Running,,5.12,23:21,4:33,13.17,439.0,100,,"","",2023-08-19-095742.gpx
958319e5-0068-4373-9db2-ce84fa6bfd39,2023-08-19 09:45:48,Running,,1.14,7:05,6:12,9.68,110.0,52,,"","",2023-08-19-094548.gpx
c23c4c2e-4af6-4200-bacb-06233fc66aa4,2023-08-18 10:22:59,Walking,,1.58,15:07,9:32,6.29,122.0,16,,"","",2023-08-18-102259.gpx
306e9332-c284-4df8-bb02-d607d799ebcb,2023-08-18 08:41:00,Running,,5.88,31:02,5:17,11.36,509.0,117,,"","",2023-08-18-084100.gpx
b799cb24-0e1b-4c46-aa54-d80f9460a6f2,2023-08-17 14:57:54,Walking,,1.68,14:00,8:19,7.22,132.0,16,,"","",2023-08-17-145754.gpx
ec99dc0b-f9fd-4566-ab7a-336d8721d8ff,2023-08-17 08:18:16,Running,,7.02,33:53,4:50,12.43,596.0,107,,"","",2023-08-17-081816.gpx
ff8ba0ea-8830-4712-a795-b324e743c25a,2023-08-16 17:31:09,Running,,3.20,17:16,5:24,11.11,268.0,45,,"","",2023-08-16-173109.gpx
f1d37349-c95a-4f99-8b65-d0b0495d6795,2023-08-16 16:02:03,Walking,,2.01,15:19,7:36,7.89,159.0,18,,"","",2023-08-16-160203.gpx
8833b767-88c2-4b6f-9c5a-6425b8c9a14a,2023-08-15 10:51:59,Running,,4.87,25:18,5:12,11.55,417.0,84,,"","",2023-08-15-105159.gpx
2a31e496-db1d-4f33-819a-1aad489211c6,2023-08-15 10:31:27,Walking,,2.05,15:11,7:25,8.09,165.0,18,,"","",2023-08-15-103127.gpx
c84bbb49-26ba-429b-98a5-b4896dad5960,2023-08-14 16:02:37,Walking,,2.04,16:25,8:04,7.44,158.0,17,,"","",2023-08-14-160237.gpx
5dd332d9-ab61-423e-811b-797cf161d10d,2023-08-14 10:44:00,Running,,4.45,24:25,5:29,10.94,384.0,85,,"","",2023-08-14-104400.gpx
d652a696-1aab-4725-84bc-cc0a267ca60f,2023-08-13 15:53:00,Walking,,2.00,15:45,7:54,7.60,158.0,18,,"","",2023-08-13-155300.gpx
e0abf0f5-0723-4523-97ff-01922ed70bb1,2023-08-13 07:46:33,Running,,12.16,1:31:56,7:33,7.94,1066.0,590,,"","",2023-08-13-074633.gpx
0360edc8-99af-401e-a5a9-5399fca23a32,2023-08-11 15:14:53,Walking,,1.68,14:11,8:26,7.12,132.0,16,,"","",2023-08-11-151453.gpx
933fa847-65ce-4aa9-944e-feb58ea7f457,2023-08-11 10:49:04,Running,,5.02,26:58,5:22,11.18,433.0,96,,"","",2023-08-11-104904.gpx
c0c4f02f-f2b0-466e-83e1-03a975c60a31,2023-08-10 15:34:08,Walking,,1.96,15:27,7:53,7.61,154.0,17,,"","",2023-08-10-153408.gpx
3cc223e8-1cd3-4741-8d22-a79034778561,2023-08-10 08:18:50,Running,,8.00,42:24,5:18,11.32,678.0,113,,"","",2023-08-10-081850.gpx
9a1e3253-9659-4b50-911e-a7cb183543d0,2023-08-09 15:13:02,Running,,5.01,27:24,5:28,10.98,432.0,95,,"","",2023-08-09-151302.gpx
db1835b2-b455-45ce-9fc2-3724f052279a,2023-08-09 14:52:37,Walking,,2.04,16:41,8:10,7.35,158.0,17,,"","",2023-08-09-145237.gpx
678ec199-241c-4e99-abfb-52d501ecfa51,2023-08-08 08:17:22,Running,,8.00,46:08,5:46,10.40,679.0,113,,"","",2023-08-08-081722.gpx
47b38788-ff9c-43dc-ac50-e042bf8dc761,2023-08-07 11:34:17,Walking,,1.94,16:02,8:17,7.24,151.0,17,,"","",2023-08-07-113417.gpx
ab814b1a-6c84-470b-ab90-31c905d1449f,2023-08-07 09:34:16,Running,,1.78,9:04,5:05,11.79,147.0,18,,"","",2023-08-07-093416.gpx
0dc03b78-f6b0-4185-ada9-b7af3fd4f315,2023-08-07 09:10:01,Running,,4.31,23:27,5:26,11.03,381.0,102,,"","",2023-08-07-091001.gpx
05447153-8020-4045-ba03-089c273bfd2e,2023-08-06 10:37:23,Walking,,1.67,14:25,8:36,6.97,130.0,16,,"","",2023-08-06-103723.gpx
739bf296-5dfc-4353-b748-a9aa6f91fb76,2023-08-06 06:56:15,Running,,15.44,1:33:00,6:01,9.96,1300.0,214,,"","",2023-08-06-065615.gpx
c228515e-ce65-4466-a925-d281360f975f,2023-08-05 09:18:39,Running,,4.06,25:21,6:15,9.60,357.0,96,,"","",2023-08-05-091839.gpx
820838cb-40b6-4ecd-8443-1bff8385300c,2023-08-03 15:13:45,Walking,,2.09,16:27,7:53,7.61,166.0,19,,"","",2023-08-03-151345.gpx
03e17980-dfba-4c5c-9a99-9ebef24bac30,2023-08-03 10:48:39,Running,,5.09,26:10,5:08,11.68,438.0,96,,"","",2023-08-03-104839.gpx
cc473bb3-51ec-4bf2-a3f1-85b1fc9fceab,2023-08-02 16:55:38,Running,,3.50,19:20,5:31,10.86,301.0,66,,"","",2023-08-02-165538.gpx
b0ea8a12-118b-4344-9723-68295d7e54ab,2023-08-02 16:13:33,Walking,,1.88,16:21,8:42,6.90,150.0,17,,"","",2023-08-02-161333.gpx
d330c91a-fc87-4b11-827c-254236049a1f,2023-08-01 15:03:37,Walking,,2.07,16:43,8:06,7.41,160.0,18,,"","",2023-08-01-150337.gpx
a456f305-f780-414b-b1f2-c3c652f1abdd,2023-08-01 08:15:27,Running,,7.95,41:24,5:12,11.53,673.0,113,,"","",2023-08-01-081527.gpx
b1fd072c-294f-4dbb-8136-1bf6571f2198,2023-07-31 11:38:57,Walking,,1.81,14:44,8:08,7.37,147.0,17,,"","",2023-07-31-113857.gpx
7a55a468-7169-479e-8b9a-3847f8289ecd,2023-07-31 10:37:24,Running,,5.15,26:33,5:09,11.63,444.0,96,,"","",2023-07-31-103724.gpx
ead09edc-c40a-42ec-b158-9f3f329479b4,2023-07-30 10:03:02,Walking,,1.70,16:17,9:36,6.25,125.0,16,,"","",2023-07-30-100302.gpx
65d6bbc7-6a67-486f-b2aa-8657d822d437,2023-07-30 08:53:31,Running,,5.10,28:31,5:35,10.73,440.0,96,,"","",2023-07-30-085331.gpx
24951a0a-2fd7-4505-8a3c-c598b7d50b16,2023-07-29 09:21:23,Running,,5.00,19:41,3:56,15.23,422.0,91,,"","",2023-07-29-092123.gpx
530a3557-5b4e-4202-a5a4-e712a2cc82ac,2023-07-29 09:05:12,Running,,1.18,7:43,6:31,9.20,114.0,52,,"","",2023-07-29-090512.gpx
ad0002fb-2efb-4a32-8f69-e5d008327064,2023-07-27 11:01:43,Walking,,1.71,14:44,8:38,6.95,131.0,16,,"","",2023-07-27-110143.gpx
20bc4d89-7bb4-437d-b7fb-b0fe1996bff1,2023-07-27 08:14:47,Running,,6.58,38:06,5:47,10.37,560.0,100,,"","",2023-07-27-081447.gpx
72ce7de1-7c79-4918-97c5-5c6374dd1b5e,2023-07-26 11:15:58,Walking,,1.66,13:19,8:00,7.50,131.0,16,,"","",2023-07-26-111558.gpx
f7ff3fb4-6a60-43dc-8b79-ec47f25d5938,2023-07-26 10:44:37,Running,,5.05,27:37,5:28,10.97,436.0,97,,"","",2023-07-26-104437.gpx
96cdd4f5-3189-401f-ae8b-d5f14aa3860f,2023-07-25 11:07:00,Walking,,1.67,12:45,7:38,7.87,135.0,16,,"","",2023-07-25-110700.gpx
8eca925d-e879-47a5-9bd8-f66eb5b029c8,2023-07-25 10:35:08,Running,,4.99,26:54,5:23,11.14,429.0,89,,"","",2023-07-25-103508.gpx
9531e3e2-75e8-444c-9778-c65e8e61801e,2023-07-23 09:31:27,Running,,6.00,35:54,5:59,10.03,548.0,224,,"","",2023-07-23-093127.gpx
cf3fc041-16fc-4c37-a217-b024174abac6,2023-07-22 09:38:26,Running,,3.67,23:16,6:21,9.45,348.0,177,,"","",2023-07-22-093826.gpx
98c71930-69cc-4961-a1be-c95ea81d1bab,2023-07-21 15:57:04,Running,,3.45,22:25,6:30,9.24,321.0,159,,"","",2023-07-21-155704.gpx
ad491de1-80a9-44b9-a06e-dba68fd61777,2023-07-20 12:15:11,Walking,,1.93,17:57,9:17,6.46,140.0,17,,"","",2023-07-20-121511.gpx
0ef5c13c-8293-46ef-bc53-9271b68dfba4,2023-07-20 08:14:05,Running,,9.00,52:51,5:52,10.22,781.0,182,,"","",2023-07-20-081405.gpx
c49e4298-8319-4390-92ca-ec44e710c424,2023-07-19 12:02:57,Running,,3.96,23:42,5:59,10.04,340.0,73,,"","",2023-07-19-120257.gpx
313dfd24-7046-482a-af42-5179f5099546,2023-07-19 11:15:01,Walking,,1.96,15:24,7:52,7.62,156.0,18,,"","",2023-07-19-111501.gpx
ba11af2d-c834-431d-9743-e17e7c070459,2023-07-18 14:47:20,Walking,,1.72,14:29,8:25,7.12,138.0,17,,"","",2023-07-18-144720.gpx
6069f6af-2d77-42ec-bcad-0a4516321979,2023-07-18 08:11:35,Running,,7.93,43:25,5:28,10.96,666.0,112,,"","",2023-07-18-081135.gpx
d577cd4e-0ca1-418b-a132-915f752db547,2023-07-17 15:30:55,Walking,,2.04,17:16,8:28,7.08,165.0,19,,"","",2023-07-17-153055.gpx
7b0431ef-4d9e-4a52-8435-b7f411df6465,2023-07-16 07:55:13,Running,,13.81,1:24:38,6:08,9.79,1211.0,410,,"","",2023-07-16-075513.gpx
d6523009-9257-43e2-bb67-f1dabfe9b879,2023-07-15 09:24:45,Running,,5.12,24:18,4:45,12.64,442.0,102,,"","",2023-07-15-092445.gpx
67af01d8-ae6f-4ae9-b554-391cf7dc90a3,2023-07-14 11:29:18,Walking,,2.04,15:42,7:41,7.80,161.0,18,,"","",2023-07-14-112918.gpx
8ca12261-6cb5-4b01-b927-c50e93bd7b5d,2023-07-14 10:53:34,Running,,5.04,27:22,5:26,11.05,433.0,95,,"","",2023-07-14-105334.gpx
d0ed54dc-c531-4125-a50e-fa42b93925f2,2023-07-13 16:26:07,Walking,,2.05,16:16,7:55,7.57,159.0,18,,"","",2023-07-13-162607.gpx
3614cb56-fa99-44e3-ab31-98b832024bcd,2023-07-13 08:07:16,Running,,7.92,43:04,5:26,11.04,670.0,111,,"","",2023-07-13-080716.gpx
60c21552-94da-4878-bc38-1de50788fcff,2023-07-12 11:16:25,Walking,,1.66,11:54,7:10,8.38,135.0,15,,"","",2023-07-12-111625.gpx
9401fddb-f7be-4aa8-9409-2fcf5278609d,2023-07-12 10:40:01,Running,,5.21,27:51,5:21,11.23,450.0,99,,"","",2023-07-12-104001.gpx
dd69ccc3-5389-4df5-af98-1c3fb91b5d4d,2023-07-11 15:07:26,Running,,5.22,27:59,5:22,11.19,450.0,100,,"","",2023-07-11-150726.gpx
325ace2c-eedc-44d9-a0f1-73e31a27f9dc,2023-07-11 11:17:53,Walking,,1.46,13:30,9:16,6.47,115.0,14,,"","",2023-07-11-111753.gpx
c8491b24-810a-4342-aaa3-a990bef74168,2023-07-10 15:59:17,Walking,,2.04,20:11,9:54,6.06,154.0,18,,"","",2023-07-10-155917.gpx
4d123057-2c53-4393-a7d5-b0a29c813f0c,2023-07-10 11:00:42,Running,,5.05,27:21,5:25,11.07,435.0,96,,"","",2023-07-10-110042.gpx
0670f70c-7880-4345-a347-50ec3a3b1a73,2023-07-09 10:34:34,Walking,,2.07,18:28,8:56,6.72,163.0,18,,"","",2023-07-09-103434.gpx
897473aa-7ba3-4c37-b083-18b059112bff,2023-07-09 08:53:30,Running,,9.00,47:25,5:16,11.38,773.0,165,,"","",2023-07-09-085330.gpx
2bef722d-8a1c-406a-b3a4-95e82dfd8efb,2023-07-08 09:20:24,Running,,1.30,8:24,6:28,9.27,124.0,61,,"","",2023-07-08-092024.gpx
d7068031-1981-463f-9c32-d4d105249891,2023-07-06 16:51:16,Running,,5.00,27:48,5:34,10.79,431.0,94,,"","",2023-07-06-165116.gpx
bdedbeb2-3b86-4e03-bc62-b3180b235581,2023-07-06 14:08:20,Walking,,1.22,10:14,8:24,7.14,98.0,13,,"","",2023-07-06-140820.gpx
1c67bca7-fc84-4534-b31a-698a6b6ee878,2023-07-05 15:50:51,Walking,,2.06,17:03,8:16,7.26,159.0,19,,"","",2023-07-05-155051.gpx
99853bcf-8b9f-4220-8497-6e9a9e8f12d2,2023-07-05 11:03:02,Running,,5.00,27:39,5:32,10.85,430.0,92,,"","",2023-07-05-110302.gpx
6f6874ed-a198-4c39-8f6e-31a1c5ed0f5a,2023-07-03 17:09:57,Walking,,1.75,18:52,10:49,5.55,127.0,15,,"","",2023-07-03-170957.gpx
a2a66cb8-7af6-4f5e-b509-687c32d1df27,2023-07-02 07:00:07,Running,,18.62,4:19:04,13:55,4.31,1819.0,1760,,"","",2023-07-02-070007.gpx
161fb331-eae0-4fda-a9a5-8cc1197a4923,2023-07-01 09:51:38,Running,,3.01,12:31,4:10,14.41,255.0,54,,"","",2023-07-01-095138.gpx
2230d63f-ba06-4373-8416-10c3f1730f1a,2023-07-01 09:39:25,Running,,2.02,9:52,4:53,12.29,170.0,37,,"","",2023-07-01-093925.gpx
6efa7d1c-9f3c-4db4-9f8b-bb31cb3c3c83,2023-06-30 11:58:12,Running,,3.44,18:55,5:30,10.91,294.0,57,,"","",2023-06-30-115812.gpx
b9a62709-8c47-4ee9-bf02-4133bb3377e7,2023-06-30 11:42:15,Walking,,1.69,12:35,7:27,8.05,134.0,15,,"","",2023-06-30-114215.gpx
f8fa88b5-b7f2-48f1-a920-ef2eaa747a54,2023-06-29 16:38:03,Walking,,2.06,16:17,7:54,7.60,163.0,18,,"","",2023-06-29-163803.gpx
348ee80b-b8bb-477a-91db-b11e12a147e8,2023-06-29 06:45:56,Running,,9.04,47:51,5:18,11.33,776.0,165,,"","",2023-06-29-064556.gpx
1a4f2fe6-0583-42b8-9e57-572706b1429b,2023-06-28 12:10:48,Running,,4.12,21:52,5:18,11.31,353.0,74,,"","",2023-06-28-121048.gpx
8ac61947-9f02-47f9-baa7-7fbfebc82bf6,2023-06-28 11:56:56,Walking,,1.51,11:06,7:20,8.17,119.0,10,,"","",2023-06-28-115656.gpx
2a09362f-19ce-4a29-84da-336133a9bb41,2023-06-27 11:02:23,Running,,5.02,26:37,5:18,11.31,432.0,95,,"","",2023-06-27-110223.gpx
cdf2cd63-89ec-4fa0-94c6-38ca8befa8df,2023-06-26 11:53:23,Running,,4.59,27:12,5:55,10.13,388.0,74,,"","",2023-06-26-115323.gpx
8da22862-cc84-46c5-a2cf-5e7e9f66890f,2023-06-25 06:30:49,Running,,9.84,44:55,4:34,13.15,831.0,157,,"","",2023-06-25-063049.gpx
bcd326d2-fea1-425f-9a0a-d08a645be4eb,2023-06-24 12:02:25,Running,,5.00,28:19,5:39,10.60,430.0,95,,"","",2023-06-24-120225.gpx
e420f9d2-8bdb-4a8d-b961-70be57da5902,2023-06-23 15:28:10,Running,,5.20,26:50,5:10,11.63,453.0,111,,"","",2023-06-23-152810.gpx
ca10e8d9-6242-448b-a8a8-2acf750a5964,2023-06-22 18:05:50,Running,,3.94,26:45,6:48,8.83,329.0,78,,"","",2023-06-22-180550.gpx
9cdbce0c-e490-40a7-ba5b-39af82af6a71,2023-06-22 16:48:40,Running,,9.63,57:43,6:00,10.01,795.0,107,,"","",2023-06-22-164840.gpx
aeaa0d0a-ac5f-4519-80a4-a28021b462d4,2023-06-22 15:01:19,Walking,,2.05,16:00,7:48,7.69,161.0,18,,"","",2023-06-22-150119.gpx
feb09347-5257-493c-ac9d-e380b1bd4055,2023-06-21 15:36:08,Walking,,1.72,16:48,9:47,6.13,125.0,16,,"","",2023-06-21-153608.gpx
d19403fe-ad5c-48f5-b1bd-9c6fcac39d1a,2023-06-21 12:00:06,Running,,6.12,31:11,5:06,11.78,528.0,119,,"","",2023-06-21-120006.gpx
50a03124-3966-4b07-bc03-e41e05ab43f8,2023-06-20 12:31:52,Running,,5.67,30:12,5:20,11.26,488.0,110,,"","",2023-06-20-123152.gpx
b3f19385-b83a-4438-9fa3-fe19a85268e1,2023-06-20 10:39:01,Walking,,1.73,12:40,7:20,8.18,137.0,16,,"","",2023-06-20-103901.gpx
555b71dc-0f83-453a-a5a5-12a95fe5b2e5,2023-06-19 17:39:25,Running,,5.05,26:42,5:17,11.35,434.0,94,,"","",2023-06-19-173925.gpx
814ebe5c-12af-49be-a418-72bf58446d1b,2023-06-18 07:24:36,Running,,5.61,30:14,5:23,11.13,485.0,111,,"","",2023-06-18-072436.gpx
4f85c697-cd3b-46c4-be89-ff4b38280c6b,2023-06-17 18:09:00,Walking,,1.78,35:14,19:48,3.03,132.0,21,,"","",2023-06-17-180900.gpx
907b478e-c8f5-44ca-b355-9abd6554b53a,2023-06-17 12:11:44,Running,,4.92,23:56,4:52,12.33,427.0,105,,"","",2023-06-17-121144.gpx
b58becd7-20a1-4fa5-a415-3880a3b12896,2023-06-17 12:02:06,Running,,1.05,6:20,6:03,9.93,84.0,7,,"","",2023-06-17-120206.gpx
396edf99-09db-4dc0-9240-d1e638d2d29e,2023-06-16 07:40:45,Running,,7.52,37:43,5:01,11.97,649.0,148,,"","",2023-06-16-074045.gpx
610476cb-54a1-4c47-bfe9-ebb7b982018d,2023-06-15 15:55:34,Running,,5.00,25:42,5:09,11.66,430.0,91,,"","",2023-06-15-155534.gpx
ce615477-32a6-4094-801d-f84aec0756bf,2023-06-15 15:25:36,Walking,,1.78,27:46,15:36,3.85,114.0,18,,"","",2023-06-15-152536.gpx
5e132258-2f18-45f8-b065-ccd492063c34,2023-06-14 16:33:40,Walking,,1.70,13:31,7:58,7.53,130.0,16,,"","",2023-06-14-163340.gpx
3547bedc-bc5f-4938-aca4-8435021831a7,2023-06-14 11:50:34,Running,,5.50,29:20,5:20,11.26,473.0,102,,"","",2023-06-14-115034.gpx
65ba3b08-39a5-431d-afc6-b936a8d24fbc,2023-06-13 16:52:25,Running,,4.33,21:38,5:00,12.02,373.0,80,,"","",2023-06-13-165225.gpx
3d6c1c7b-f857-4c71-8093-6d1c42ebc973,2023-06-13 15:40:29,Walking,,1.67,13:25,8:02,7.46,133.0,16,,"","",2023-06-13-154029.gpx
6344736b-c037-493a-98be-d3d3c3e3d5bf,2023-06-12 15:56:16,Walking,,1.71,14:55,8:43,6.89,129.0,16,,"","",2023-06-12-155616.gpx
9f316508-1e2f-4130-91f7-8c9923d300d6,2023-06-12 10:39:34,Cycling,,18.04,53:19,2:57,20.30,430.0,255,,"","",2023-06-12-103934.gpx
095812c7-6cba-44c6-9f8b-a5f9f4ebe3e2,2023-06-11 07:30:42,Running,,18.26,2:15:51,7:26,8.06,1558.0,609,,"","",2023-06-11-073042.gpx
3dd816fd-a411-4e0e-9049-9b21d3838a41,2023-06-10 09:18:26,Running,,5.00,21:49,4:22,13.75,428.0,92,,"","",2023-06-10-091826.gpx
beaa2761-90a2-4983-b8cd-bb07302521ec,2023-06-10 09:04:33,Running,,1.33,8:42,6:31,9.20,129.0,63,,"","",2023-06-10-090433.gpx
77a97e5f-dc0e-43ec-b9c7-be23c6338122,2023-06-09 17:18:16,Running,,5.30,30:47,5:48,10.33,517.0,271,,"","",2023-06-09-171816.gpx
49c28a8f-0626-4501-b95a-e601e7928a10,2023-06-08 16:38:46,Running,,5.63,29:38,5:16,11.40,536.0,242,,"","",2023-06-08-163846.gpx
4ac29568-2c1b-42db-857d-58f52d8b5da1,2023-06-07 17:08:34,Running,,5.62,30:55,5:30,10.90,485.0,107,,"","",2023-06-07-170834.gpx
21abd3e8-1dfb-4a9e-ad59-256d4de5715c,2023-06-07 12:09:39,Walking,,2.14,17:30,8:11,7.33,167.0,19,,"","",2023-06-07-120939.gpx
d9384713-acfd-423c-a1d3-8e8fba6fc20b,2023-06-03 09:18:06,Running,,5.18,25:17,4:53,12.29,453.0,109,,"","",2023-06-03-091806.gpx
1dd028a8-cf32-4802-ac5e-0ac3e009b2b1,2023-06-03 09:00:08,Running,,1.31,8:25,6:25,9.35,127.0,64,,"","",2023-06-03-090008.gpx
7f3f43de-14c6-4698-9fca-834df9c6d6d4,2023-06-02 17:09:35,Walking,,2.04,15:49,7:44,7.76,162.0,18,,"","",2023-06-02-170935.gpx
f23b7ab8-5844-468a-91ec-6e3e6ac7c6c8,2023-06-02 12:15:38,Running,,5.02,27:44,5:31,10.87,434.0,97,,"","",2023-06-02-121538.gpx
84fb7b84-dd1c-48d3-8ec5-4e9a37126d4b,2023-06-01 11:37:36,Walking,,2.07,18:30,8:57,6.70,157.0,18,,"","",2023-06-01-113736.gpx
7f0fe0db-2ee4-4ec7-9f61-567682c4651c,2023-06-01 10:06:33,Running,,5.05,26:41,5:17,11.34,435.0,96,,"","",2023-06-01-100633.gpx
aba79e11-e303-4ba6-98b7-2e57ce5690a8,2023-05-31 14:54:22,Running,,5.12,26:57,5:16,11.39,441.0,96,,"","",2023-05-31-145422.gpx
978880b5-03f8-4bb3-846f-6f7dbed1dff1,2023-05-31 12:12:53,Walking,,1.70,15:11,8:57,6.70,134.0,16,,"","",2023-05-31-121253.gpx
5dbae6b1-f564-47f8-a6ac-c8233a100bfb,2023-05-30 14:51:23,Walking,,2.08,14:48,7:06,8.45,168.0,18,,"","",2023-05-30-145123.gpx
c75531e4-848a-4512-a77b-05d86c2d00e0,2023-05-30 10:57:01,Running,,5.00,26:40,5:20,11.25,428.0,92,,"","",2023-05-30-105701.gpx
8105723a-2d5a-41b8-91bd-e6d7f9cb7700,2023-05-29 17:15:16,Running,,4.11,22:02,5:22,11.19,354.0,77,,"","",2023-05-29-171516.gpx
152a0d18-a080-4d25-a849-371f8654c42e,2023-05-29 16:58:19,Walking,,2.08,14:21,6:53,8.71,168.0,18,,"","",2023-05-29-165819.gpx
eecffe5c-6d86-4420-8325-f854886ec135,2023-05-28 10:01:34,Running,,5.08,31:50,6:16,9.57,470.0,225,,"","",2023-05-28-100134.gpx
ea6ef65b-913c-4c7f-83ff-2bd0dda59e25,2023-05-27 09:52:01,Running,,4.48,27:09,6:04,9.89,423.0,227,,"","",2023-05-27-095201.gpx
500ba478-3fb5-472a-bf20-015eac59c00c,2023-05-26 11:58:20,Running,,2.41,13:29,5:35,10.75,196.0,37,,"","",2023-05-26-115820.gpx
66779c94-b028-4833-81ed-08d2164a7862,2023-05-26 11:21:30,Running,,1.91,14:01,7:19,8.20,199.0,157,,"","",2023-05-26-112130.gpx
224ee3a9-c9f7-41c1-8e9d-bd4d206afc2c,2023-05-25 10:40:24,Walking,,1.69,12:34,7:27,8.05,136.0,16,,"","",2023-05-25-104024.gpx
60018e3a-739a-4c30-bdb3-0474a15459ef,2023-05-24 11:12:46,Running,,5.04,26:25,5:14,11.45,432.0,95,,"","",2023-05-24-111246.gpx
b290ffe9-eb79-4b3a-b48b-9eb04d6fd266,2023-05-24 10:43:58,Walking,,2.09,14:02,6:42,8.94,170.0,18,,"","",2023-05-24-104358.gpx
b1002905-9376-4864-8c09-3bbd7e347b8e,2023-05-22 11:48:57,Walking,,2.05,16:00,7:48,7.69,160.0,17,,"","",2023-05-22-114857.gpx
9815219b-db88-43ef-a570-6225060112f1,2023-05-22 08:07:34,Running,,6.11,30:50,5:03,11.88,526.0,122,,"","",2023-05-22-080734.gpx
ca366278-1e5d-456c-9071-378ec708ef8d,2023-05-20 10:08:28,Running,,1.06,7:36,7:10,8.37,82.0,2,,"","",2023-05-20-100828.gpx
e153ee7e-2c3d-47d3-b865-692f3962c772,2023-05-20 09:54:39,Running,,2.01,8:19,4:09,14.47,171.0,40,,"","",2023-05-20-095439.gpx
fbff92b6-740c-44e9-b4fa-567f71bbf092,2023-05-20 09:29:42,Running,,2.60,11:02,4:15,14.11,220.0,51,,"","",2023-05-20-092942.gpx
a5cb7135-c400-4854-8860-a5e182918382,2023-05-20 09:25:07,Running,,1.00,3:53,3:52,15.50,84.0,18,,"","",2023-05-20-092507.gpx
e5c5fd4b-16b4-435c-bbe0-c74fecf99f98,2023-05-20 09:12:30,Running,,1.49,10:30,7:02,8.52,131.0,51,,"","",2023-05-20-091230.gpx
de3918ca-8a7f-4cc3-97b2-b5e9f9a176e9,2023-05-19 10:04:11,Walking,,1.64,12:57,7:53,7.61,131.0,15,,"","",2023-05-19-100411.gpx
cad4fb12-0c3f-4ff6-a9a1-91454712fd05,2023-05-19 08:55:53,Running,,5.08,28:42,5:39,10.61,437.0,98,,"","",2023-05-19-085553.gpx
14ee916b-71f5-4ed2-9de9-9c2b625fa30f,2023-05-18 14:45:20,Walking,,2.06,17:33,8:30,7.06,162.0,19,,"","",2023-05-18-144520.gpx
64223ca9-cc44-4490-b9bc-630767d7cd6b,2023-05-18 10:18:34,Running,,5.00,26:39,5:20,11.27,430.0,93,,"","",2023-05-18-101834.gpx
2513717c-4c87-4395-81f3-0e4085c90163,2023-05-17 11:04:37,Running,,4.60,24:16,5:17,11.37,395.0,83,,"","",2023-05-17-110437.gpx
e29fe87d-07ca-4a2d-a07b-386e87007520,2023-05-16 16:20:57,Walking,,2.09,20:11,9:40,6.21,159.0,18,,"","",2023-05-16-162057.gpx
4650c069-0871-4d60-9a28-a340a30e1a9e,2023-05-16 15:08:59,Running,,5.01,27:19,5:27,11.01,435.0,97,,"","",2023-05-16-150859.gpx
87e8a3d5-9e85-4e05-a70d-2bc73feeb31f,2023-05-15 10:35:15,Running,,5.01,26:37,5:19,11.29,432.0,94,,"","",2023-05-15-103515.gpx
71daccd1-d02e-4170-b486-29b547fc54b3,2023-05-15 10:14:44,Walking,,2.06,16:20,7:57,7.55,161.0,18,,"","",2023-05-15-101444.gpx
1e824c76-284e-4510-949d-236c949bc262,2023-05-14 10:02:10,Running,,4.11,23:29,5:43,10.51,353.0,75,,"","",2023-05-14-100210.gpx
eca5d423-d283-421f-a407-f2a2205896d6,2023-05-13 10:21:41,Running,,1.42,9:00,6:21,9.44,113.0,10,,"","",2023-05-13-102141.gpx
a753a97a-9e09-492c-9a45-98c8621e638f,2023-05-13 09:43:03,Running,,5.01,21:20,4:16,14.08,427.0,92,,"","",2023-05-13-094303.gpx
537b5632-def4-4a6a-aefa-2a0f8eb45152,2023-05-13 09:30:31,Running,,1.21,7:53,6:31,9.21,105.0,30,,"","",2023-05-13-093031.gpx
b923a4fa-3340-45c9-9390-987f78a49a14,2023-05-12 16:52:47,Walking,,2.08,19:41,9:29,6.33,154.0,19,,"","",2023-05-12-165247.gpx
a26869ef-717e-4480-8bf4-106e9c0fc6cd,2023-05-11 09:06:12,Walking,,2.05,17:05,8:21,7.19,156.0,19,,"","",2023-05-11-090612.gpx
3981860d-4d51-484c-bf13-e9055bf6cb1d,2023-05-11 07:26:42,Running,,8.09,42:37,5:16,11.39,697.0,154,,"","",2023-05-11-072642.gpx
1b57bc9f-772c-4601-8f57-6e811ca45e29,2023-05-10 12:25:59,Walking,,2.08,19:07,9:12,6.52,156.0,19,,"","",2023-05-10-122559.gpx
b78ccf61-c5b3-443c-b5e1-3444d0b88dbf,2023-05-10 11:07:34,Running,,5.06,27:34,5:27,11.02,435.0,97,,"","",2023-05-10-110734.gpx
e4daf84a-df16-462c-a54e-b1a1cdb8fd08,2023-05-09 14:52:31,Walking,,1.04,10:14,9:52,6.08,80.0,11,,"","",2023-05-09-145231.gpx
dc00bc45-d378-4c95-baf9-9136c7f21ba1,2023-05-09 10:54:47,Running,,4.99,26:16,5:16,11.40,431.0,93,,"","",2023-05-09-105447.gpx
ab1aa768-b245-4a34-8c42-da2278e4a34f,2023-05-08 10:59:18,Walking,,2.05,17:06,8:21,7.19,160.0,18,,"","",2023-05-08-105918.gpx
f5d044b6-6b04-432c-8dd7-bfdd2d55752a,2023-05-08 10:25:32,Running,,5.06,26:32,5:14,11.45,435.0,96,,"","",2023-05-08-102532.gpx
f98e225d-a9ee-4a75-aa20-c5627db1c118,2023-05-07 17:40:20,Walking,,1.90,17:14,9:04,6.61,149.0,17,,"","",2023-05-07-174020.gpx
2aa16d28-ae7b-4baa-9d16-f822c54b4b63,2023-05-07 08:42:12,Running,,10.43,1:41:26,9:44,6.17,989.0,702,,"","",2023-05-07-084212.gpx
8bcb4e92-532a-4b84-90a9-58b9cb0c6f16,2023-05-06 09:34:24,Running,,5.01,21:30,4:18,13.97,428.0,95,,"","",2023-05-06-093424.gpx
caf5c9d1-4c60-437c-a16a-220a4b8e9e64,2023-05-05 12:33:18,Walking,,0.84,10:32,12:32,4.79,62.0,7,,"","",2023-05-05-123318.gpx
24c3510f-5ef6-46a2-876a-6e7f82fdcf61,2023-05-05 11:28:27,Running,,5.23,24:50,4:45,12.63,450.0,100,,"","",2023-05-05-112827.gpx
8c8a5150-a15e-4497-904e-5426b86372d1,2023-05-04 15:05:29,Walking,,2.08,19:14,9:16,6.47,159.0,18,,"","",2023-05-04-150529.gpx
52f71f03-0e8a-4df6-933a-f8a1ff8a00d2,2023-05-04 09:08:43,Running,,5.00,26:08,5:13,11.49,433.0,95,,"","",2023-05-04-090843.gpx
5054e711-a1c1-4638-bf43-68d6014ec54e,2023-05-03 16:11:52,Running,,4.98,25:44,5:10,11.61,430.0,93,,"","",2023-05-03-161152.gpx
308216c6-1821-4514-994a-33cba7a13878,2023-05-03 15:31:06,Walking,,2.06,18:39,9:04,6.62,160.0,18,,"","",2023-05-03-153106.gpx
bb751c0e-ca9f-4500-927b-23c741027370,2023-05-02 11:39:48,Walking,,1.72,15:24,8:57,6.71,134.0,16,,"","",2023-05-02-113948.gpx
ea345729-5f66-45a4-819f-c1a522e05bc0,2023-05-02 10:53:10,Running,,6.22,32:57,5:18,11.32,538.0,122,,"","",2023-05-02-105310.gpx
eea9589c-5d2b-4904-95ce-05260822639c,2023-05-01 11:04:46,Walking,,1.98,16:06,8:07,7.40,159.0,18,,"","",2023-05-01-110446.gpx
f66d0d50-a820-40f2-b9cd-228dd63174be,2023-05-01 10:17:12,Running,,6.10,32:10,5:16,11.38,526.0,117,,"","",2023-05-01-101712.gpx
b222eaff-39c8-47f4-8b1a-18cde2b7d05d,2023-04-30 08:47:56,Walking,,9.20,3:10:26,20:42,2.90,771.0,577,,"","",2023-04-30-084756.gpx
2eb936ef-6691-4a0a-ad48-cedf3b7c4211,2023-04-29 09:36:30,Running,,8.72,50:36,5:48,10.34,750.0,190,,"","",2023-04-29-093630.gpx
e6c0a0d1-45fd-495e-b334-7d5f306b5d26,2023-04-28 11:46:28,Walking,,2.10,15:45,7:29,8.02,155.0,16,,"","",2023-04-28-114628.gpx
728a57e0-d36b-4849-96c6-a09f923ea915,2023-04-28 11:09:59,Running,,6.11,32:32,5:20,11.26,527.0,121,,"","",2023-04-28-110959.gpx
14df9687-a5bd-4966-9479-b932cff5c5ef,2023-04-27 09:32:12,Walking,,2.04,16:04,7:52,7.62,160.0,18,,"","",2023-04-27-093212.gpx
03c999ef-f177-4ea2-880f-5c62e5ac733f,2023-04-27 08:48:58,Running,,6.02,31:33,5:14,11.46,517.0,108,,"","",2023-04-27-084858.gpx
b9683ec1-1c73-498b-97e7-3e4c0bae9397,2023-04-26 15:56:26,Walking,,1.92,16:27,8:33,7.01,150.0,18,,"","",2023-04-26-155626.gpx
390bc936-c645-44f1-96de-dc2ed4927780,2023-04-26 09:09:03,Running,,1.87,10:07,5:25,11.08,157.0,21,,"","",2023-04-26-090903.gpx
b6332088-c2bc-4c0a-b269-6adbf85dd78b,2023-04-25 15:31:16,Running,,6.12,31:35,5:10,11.62,529.0,119,,"","",2023-04-25-153116.gpx
616bcea6-0834-41ec-af7f-ed69f730dea1,2023-04-24 15:48:47,Walking,,2.02,17:27,8:37,6.96,157.0,17,,"","",2023-04-24-154847.gpx
176ffe02-1831-4282-b348-ef6889f5d7fb,2023-04-24 10:38:13,Running,,5.02,26:45,5:19,11.27,432.0,95,,"","",2023-04-24-103813.gpx
b7b764b9-7687-4b5d-9f32-8e9c5dc65c2c,2023-04-23 08:04:26,Running,,18.39,4:00:00,13:03,4.60,1738.0,1228,,"","",2023-04-23-080426.gpx
25256aa5-6f48-46fa-b9d6-0f3522909b6f,2023-04-22 16:39:13,Walking,,2.16,28:15,13:03,4.60,152.0,18,,"","",2023-04-22-163913.gpx
e69db963-90f3-453d-aedb-9abb21e565af,2023-04-22 12:41:01,Running,,0.65,3:52,5:59,10.04,57.0,15,,"","",2023-04-22-124101.gpx
c4f9b16a-d970-4278-bf6f-7304e6c4bfee,2023-04-22 12:11:19,Running,,5.01,23:24,4:40,12.83,435.0,98,,"","",2023-04-22-121119.gpx
a0176840-7975-4782-b70b-4095d47265fa,2023-04-22 12:00:45,Running,,1.00,6:17,6:16,9.58,81.0,7,,"","",2023-04-22-120045.gpx
bffb7031-bf69-4aff-ae7b-34693328ba56,2023-04-21 11:01:41,Walking,,2.03,17:05,8:26,7.12,156.0,18,,"","",2023-04-21-110141.gpx
3d25b001-e8f1-4df7-be15-88fbd7af6518,2023-04-21 10:21:38,Running,,7.10,35:33,5:01,11.98,615.0,142,,"","",2023-04-21-102138.gpx
6ab8b929-a0e6-4a9f-99e1-c9005454f5f8,2023-04-20 17:07:37,Walking,,2.04,20:00,9:47,6.13,145.0,18,,"","",2023-04-20-170737.gpx
de7580d5-2e17-4da9-81a0-aaff4b471216,2023-04-20 11:29:46,Running,,5.00,26:21,5:16,11.38,430.0,95,,"","",2023-04-20-112946.gpx
ad48afd0-4b3e-469e-b649-f8a0b50a1962,2023-04-19 15:56:58,Walking,,1.85,17:11,9:19,6.44,141.0,17,,"","",2023-04-19-155658.gpx
ff809b58-9779-4271-89ef-09d69b46706f,2023-04-19 14:53:06,Running,,6.05,31:12,5:10,11.63,523.0,119,,"","",2023-04-19-145306.gpx
c24e266b-1d4c-4108-974e-c18ad5873375,2023-04-18 17:03:27,Walking,,2.01,13:22,6:38,9.04,159.0,17,,"","",2023-04-18-170327.gpx
b6ba9aff-8c52-4906-a6fc-7e437185cc1b,2023-04-18 16:01:54,Walking,,0.78,10:04,12:57,4.63,51.0,8,,"","",2023-04-18-160154.gpx
659f7a46-300f-46ad-a687-fd97b48f272b,2023-04-17 15:53:27,Walking,,2.02,18:21,9:06,6.60,151.0,17,,"","",2023-04-17-155327.gpx
d598c1f8-598c-487a-8448-05d0619d09b6,2023-04-17 10:56:42,Running,,6.22,32:30,5:13,11.49,539.0,120,,"","",2023-04-17-105642.gpx
4d53d4e6-6156-447c-ae34-a0b0f7f64984,2023-04-16 08:49:49,Running,,10.10,1:20:25,7:58,7.53,865.0,266,,"","",2023-04-16-084949.gpx
165256e8-5b5a-47fa-860e-2c2c746db817,2023-04-15 12:06:56,Running,,3.00,15:30,5:10,11.61,261.0,60,,"","",2023-04-15-120656.gpx
c9d78ee5-fba5-44a1-bdb9-5eedd9779f80,2023-04-15 09:17:40,Running,,2.47,15:16,6:11,9.71,208.0,34,,"","",2023-04-15-091740.gpx
f9506cdf-129f-4405-b279-cec23fb8411a,2023-04-14 08:43:29,Running,,4.90,25:40,5:15,11.44,419.0,85,,"","",2023-04-14-084329.gpx
a0f063e3-7766-450e-81e1-1cffc0f9cd10,2023-04-13 11:39:51,Running,,1.80,11:50,6:34,9.14,148.0,13,,"","",2023-04-13-113951.gpx
515951ff-5037-465d-b13a-db487cae53ad,2023-04-13 08:26:56,Running,,6.16,32:39,5:18,11.32,531.0,119,,"","",2023-04-13-082656.gpx
eacd9c35-a766-4308-81ae-8c86202ba63b,2023-04-12 16:31:58,Walking,,2.17,20:13,9:18,6.45,161.0,18,,"","",2023-04-12-163158.gpx
b4fb4afd-e281-4299-a1bd-2965da0b9cdd,2023-04-12 10:57:41,Running,,6.12,33:39,5:30,10.92,531.0,123,,"","",2023-04-12-105741.gpx
8eefe5b9-1ba6-4dcf-810f-ac9bda874d25,2023-04-11 16:10:04,Walking,,2.02,15:16,7:34,7.93,159.0,18,,"","",2023-04-11-161004.gpx
3e859c19-cc64-4d7e-ab27-0a1d66a81309,2023-04-10 11:35:09,Walking,,2.05,17:17,8:25,7.12,158.0,18,,"","",2023-04-10-113509.gpx
47bbe8dc-58b6-4cda-909b-814d807913f1,2023-04-10 10:32:56,Running,,6.06,30:59,5:07,11.73,523.0,119,,"","",2023-04-10-103256.gpx
f5e915cc-1ab9-4fe7-bd31-47a739bc3597,2023-04-09 17:35:33,Walking,,2.00,19:12,9:37,6.24,146.0,18,,"","",2023-04-09-173533.gpx
a28efee8-a627-499a-ac25-dce4acffdf0b,2023-04-09 09:55:07,Running,,6.01,33:18,5:32,10.83,498.0,64,,"","",2023-04-09-095507.gpx
ae23ea12-bc95-46cc-bf65-282faee937c9,2023-04-08 10:08:21,Running,,4.60,25:30,5:33,10.82,400.0,94,,"","",2023-04-08-100821.gpx
a80c6732-b951-4a91-86f5-165937ad8f30,2023-04-08 08:56:48,Running,,1.56,8:24,5:24,11.11,132.0,24,,"","",2023-04-08-085648.gpx
79e3af42-b4fe-4ca7-81a0-b37bddf0e537,2023-04-07 16:16:44,Walking,,2.06,16:33,8:02,7.46,159.0,18,,"","",2023-04-07-161644.gpx
f84c0013-b9a6-4d3f-87d5-12e436f418a0,2023-04-07 12:09:49,Running,,5.70,31:35,5:32,10.83,493.0,114,,"","",2023-04-07-120949.gpx
eda973c3-052d-4d6e-88d2-04d6220a3df3,2023-04-04 11:29:50,Walking,,2.05,16:18,7:57,7.55,157.0,18,,"","",2023-04-04-112950.gpx
4b64b5c1-4f40-4941-abdb-3bc48a1418c9,2023-04-04 09:38:33,Running,,6.06,29:54,4:56,12.16,522.0,117,,"","",2023-04-04-093833.gpx
e525162c-4237-41a3-bab3-6a67d6110381,2023-04-03 08:21:54,Running,,5.84,31:05,5:19,11.27,520.0,149,,"","",2023-04-03-082154.gpx
0a0479ac-f696-4950-a080-d5b962d09a4d,2023-04-02 09:01:32,Running,,6.74,35:11,5:13,11.50,557.0,49,,"","",2023-04-02-090132.gpx
2a51a2d4-0424-4b49-ab2f-6389967a5ca8,2023-04-01 09:08:19,Running,,8.38,47:26,5:40,10.60,744.0,216,,"","",2023-04-01-090819.gpx
81b9971e-93aa-41e8-bcca-f8df09f04d85,2023-03-31 14:32:14,Running,,5.00,27:12,5:26,11.03,431.0,96,,"","",2023-03-31-143214.gpx
eb9db1b3-8623-4999-9544-50bd228d126e,2023-03-30 10:30:51,Running,,5.05,27:31,5:27,11.01,433.0,95,,"","",2023-03-30-103051.gpx
c6d900a6-a4aa-4296-a7fc-ed42eb11d60a,2023-03-29 11:06:02,Running,,5.07,28:58,5:43,10.49,436.0,95,,"","",2023-03-29-110602.gpx
29e33a90-8a75-40b3-a8ca-22f1d989d610,2023-03-28 15:38:09,Walking,,2.03,18:09,8:55,6.72,154.0,18,,"","",2023-03-28-153809.gpx
f63a192e-38f5-4441-8082-0cee7127f34f,2023-03-28 08:55:56,Running,,6.12,35:43,5:50,10.29,529.0,121,,"","",2023-03-28-085556.gpx
e030ef6f-2aff-45bb-a1ac-342770bbd747,2023-03-26 07:25:24,Running,,21.56,1:42:08,4:44,12.66,1800.0,261,,"","",2023-03-26-072524.gpx
4d3da9ac-7f38-4b77-90d5-7958af5c5027,2023-03-25 15:00:36,Running,,5.00,21:50,4:22,13.73,434.0,108,,"","",2023-03-25-150036.gpx
9284f2f3-7770-48fb-bcaf-c19eebb67da7,2023-03-25 14:48:12,Running,,1.38,8:21,6:02,9.93,122.0,36,,"","",2023-03-25-144812.gpx
a18864a9-1f98-43ec-9f16-4afc6fb87f4d,2023-03-23 08:21:46,Running,,5.10,26:58,5:17,11.34,454.0,129,,"","",2023-03-23-082146.gpx
d122902f-9bc2-487e-8008-e48633ce8027,2023-03-22 10:49:29,Running,,5.02,28:11,5:37,10.68,433.0,95,,"","",2023-03-22-104929.gpx
eb6e1ff6-b969-46b2-b1d8-91b0b068b35e,2023-03-21 07:12:01,Running,,7.27,40:31,5:34,10.76,629.0,146,,"","",2023-03-21-071201.gpx
72fbeb8e-01ac-4ed9-a76b-2deeba8a3d12,2023-03-20 10:38:30,Cycling,,13.43,1:00:00,4:28,13.43,389.0,295,,"","",2023-03-20-103830.gpx
20eb5622-96a9-4004-ab36-082eed80b154,2023-03-19 08:56:57,Running,,15.00,1:45:29,7:02,8.53,1344.0,577,,"","",2023-03-19-085657.gpx
811cebbf-2b4c-4602-a89f-447fa0727d26,2023-03-18 15:03:49,Running,,5.58,31:21,5:37,10.68,479.0,124,,"","",2023-03-18-150349.gpx
6a1c8e3c-dfbb-43d3-88b9-cccbe9feebd3,2023-03-18 08:18:00,Running,,5.00,28:34,5:43,10.49,431.0,96,,"","",2023-03-18-081800.gpx
18dfb280-6ecd-4aca-b968-3dc89be7ccf4,2023-03-17 09:23:04,Running,,6.45,37:36,5:50,10.29,549.0,109,,"","",2023-03-17-092304.gpx
45701a69-fabd-45b0-a998-7d1fe952750c,2023-03-16 07:10:46,Running,,7.25,40:05,5:31,10.86,629.0,149,,"","",2023-03-16-071046.gpx
0f41c3d8-529d-4457-8672-3ebb7a565da8,2023-03-15 10:14:48,Running,,6.06,32:18,5:20,11.26,522.0,119,,"","",2023-03-15-101448.gpx
73f1bc8f-5d16-474b-87cd-842dec5cb042,2023-03-14 07:14:50,Running,,8.06,42:50,5:19,11.30,696.0,148,,"","",2023-03-14-071450.gpx
672e2926-24f6-44d2-b1f1-2f81e25a09fa,2023-03-13 08:53:00,Running,,7.10,38:52,5:28,10.96,611.0,137,,"","",2023-03-13-085300.gpx
fb1777e3-bfea-4ef4-b394-730084442b55,2023-03-12 08:56:32,Running,,6.04,32:27,5:22,11.17,518.0,120,,"","",2023-03-12-085632.gpx
14000505-0ea7-4c6a-acfa-09285650db91,2023-03-11 10:34:32,Running,,5.00,21:18,4:16,14.09,428.0,98,,"","",2023-03-11-103432.gpx
9fcb2f2f-d42e-4451-b1fe-de9214e4ff53,2023-03-10 10:34:03,Running,,6.08,30:55,5:05,11.80,525.0,116,,"","",2023-03-10-103403.gpx
8c98514f-cebe-42f8-b4b7-7f3a7d0f1296,2023-03-07 05:32:12,Running,,8.02,44:35,5:34,10.79,685.0,180,,"","",2023-03-07-053212.gpx
b4b04924-89fe-40ec-a99f-ad6fcd316d93,2023-03-06 04:27:10,Running,,7.50,44:03,5:52,10.21,657.0,178,,"","",2023-03-06-042710.gpx
96ac75c5-9d9b-4155-b023-f60515f6d20e,2023-03-05 07:01:07,Running,,10.36,58:05,5:36,10.70,891.0,121,,"","",2023-03-05-070107.gpx
4cb58b57-95e9-4a04-9aea-5adcf0dd4077,2023-03-05 04:55:10,Running,,2.77,17:22,6:16,9.57,234.0,57,,"","",2023-03-05-045510.gpx
44667d81-2694-430c-a9f1-4fcdd079b6ca,2023-03-04 05:10:37,Running,,8.00,45:50,5:44,10.47,707.0,188,,"","",2023-03-04-051037.gpx
35a20bbb-a471-41b0-8f57-d668a452a50b,2023-03-03 06:54:48,Running,,5.00,35:47,7:09,8.39,433.0,129,,"","",2023-03-03-065448.gpx
2d7b9c24-822d-47ef-b33a-1ce6dffec73b,2023-03-03 04:57:51,Running,,9.17,53:27,5:50,10.30,824.0,246,,"","",2023-03-03-045751.gpx
1b44a9c7-0344-4876-b46f-7a91f8cbb87a,2023-03-02 08:40:23,Running,,7.10,40:01,5:38,10.65,626.0,181,,"","",2023-03-02-084023.gpx
fb5b0f8f-9515-44d5-8737-ef8e58d8641b,2023-03-01 05:46:34,Running,,3.73,22:33,6:02,9.93,330.0,86,,"","",2023-03-01-054634.gpx
7cc98d2f-613a-4048-a359-f34c64116677,2023-03-01 04:23:36,Running,,5.78,31:12,5:24,11.11,464.0,99,,"","",2023-03-01-042336.gpx
b5dd2920-6d41-46d5-949a-61d9368fdc4c,2023-02-28 04:54:47,Running,,8.65,49:11,5:41,10.56,769.0,214,,"","",2023-02-28-045447.gpx
aca45526-53eb-43a8-b1d9-c0067bf8d739,2023-02-27 06:26:54,Running,,4.00,21:29,5:22,11.18,363.0,115,,"","",2023-02-27-062654.gpx
bfcdfb65-dd53-4be2-8b91-931f16d7b7bf,2023-02-27 03:57:56,Running,,6.82,39:24,5:47,10.38,601.0,173,,"","",2023-02-27-035756.gpx
3655d57f-116d-4d38-b97e-5b2d7c26d64a,2023-02-26 03:01:34,Running,,1.97,9:48,4:58,12.08,163.0,20,,"","",2023-02-26-030134.gpx
889d8288-5c12-4cc5-b677-bc0567e207a8,2023-02-24 10:18:40,Running,,8.00,38:37,4:49,12.44,690.0,110,,"","",2023-02-24-101840.gpx
408eb9f7-724d-437d-b56c-9671b1a19341,2023-02-23 04:46:46,Running,,12.23,1:12:01,5:53,10.19,1060.0,232,,"","",2023-02-23-044646.gpx
30e240a5-f541-4548-8182-53cd733cb9d1,2023-02-22 12:03:23,Running,,7.95,48:07,6:03,9.92,684.0,120,,"","",2023-02-22-120323.gpx
2154178a-c4b1-4e15-b000-b0d8215afe7e,2023-02-21 03:33:21,Running,,10.10,56:09,5:33,10.80,866.0,133,,"","",2023-02-21-033321.gpx
395a64fa-1bf9-44f6-a432-ff386290e271,2023-02-20 12:00:58,Running,,6.60,36:30,5:32,10.84,551.0,104,,"","",2023-02-20-120058.gpx
ce72974f-748e-4445-abc2-7c2e3dc07a9f,2023-02-19 04:05:46,Running,,14.23,1:18:25,5:31,10.89,1216.0,193,,"","",2023-02-19-040546.gpx
23f12ff0-886b-4a80-a231-fcd2e4041be5,2023-02-17 10:36:38,Running,,2.16,14:02,6:30,9.22,188.0,54,,"","",2023-02-17-103638.gpx
4fee3618-203d-4096-960c-9fbe211c54e3,2023-02-16 07:08:25,Running,,1.00,5:27,5:29,10.96,89.0,17,,"","",2023-02-16-070825.gpx
51ccbe17-fe1a-4cfd-bb2e-b39d5fa481d3,2023-02-16 05:17:41,Running,,11.00,1:04:29,5:52,10.24,976.0,255,,"","",2023-02-16-051741.gpx
3e6cb0b2-e158-4873-8fe9-e1900cfdcf2f,2023-02-15 06:59:41,Running,,3.00,17:31,5:50,10.29,258.0,61,,"","",2023-02-15-065941.gpx
9c770650-8d83-477e-a748-bf57c37fc62c,2023-02-15 04:25:47,Running,,5.47,37:05,6:47,8.85,482.0,158,,"","",2023-02-15-042547.gpx
fe353c39-aba6-4ec2-b5c9-97f798f81dd2,2023-02-15 03:23:38,Running,,6.32,45:18,7:10,8.37,528.0,121,,"","",2023-02-15-032338.gpx
182343a7-6887-47aa-bde1-ec61acd3c21b,2023-02-14 11:54:11,Running,,2.87,16:44,5:50,10.29,267.0,89,,"","",2023-02-14-115411.gpx
5b80aad1-a7f1-4c30-ad4f-99371b758419,2023-02-14 06:24:13,Running,,11.00,1:09:47,6:21,9.46,960.0,242,,"","",2023-02-14-062413.gpx
47082a73-90a6-4944-b885-1adae1301299,2023-02-11 10:12:12,Running,,1.00,5:18,5:18,11.30,82.0,10,,"","",2023-02-11-101212.gpx
ce7b52f3-0306-49d4-a99d-e6cd5ca70444,2023-02-11 09:29:21,Running,,5.00,22:18,4:27,13.47,442.0,97,,"","",2023-02-11-092921.gpx
8f7559e1-7f41-44de-b5b6-6e4230b7bc76,2023-02-11 09:17:00,Running,,1.48,9:27,6:23,9.41,133.0,39,,"","",2023-02-11-091700.gpx
e221ad54-6682-4a9b-89b4-cc54f7ab6712,2023-02-10 08:52:55,Running,,7.07,40:10,5:41,10.56,606.0,111,,"","",2023-02-10-085255.gpx
2a81d282-cdb9-434f-ae19-2b0a54f9b6ff,2023-02-09 17:13:48,Running,,4.35,23:32,5:24,11.10,401.0,124,,"","",2023-02-09-171348.gpx
f71c4ee4-0992-4133-bbc3-d8eebc8aa7ee,2023-02-09 10:32:35,Walking,,1.52,11:09,7:21,8.17,124.0,16,,"","",2023-02-09-103235.gpx
bc6e400e-a6f9-4b37-8f13-eda4860c7f3b,2023-02-08 15:51:17,Walking,,1.50,10:50,7:14,8.29,121.0,16,,"","",2023-02-08-155117.gpx
59f6cbc0-3504-4e75-a5d4-0dbd912cef58,2023-02-08 07:11:39,Running,,6.04,33:45,5:35,10.74,538.0,121,,"","",2023-02-08-071139.gpx
c5e504c0-c6e8-4846-bb88-addae7ee0758,2023-02-07 16:36:57,Walking,,1.87,16:38,8:52,6.76,146.0,16,,"","",2023-02-07-163657.gpx
c450380e-7bb8-47b4-afbe-b00d86edf730,2023-02-07 07:43:41,Running,,1.98,10:09,5:08,11.69,161.0,20,,"","",2023-02-07-074341.gpx
6540a8d9-1c61-4249-9074-c53aaa6d58da,2023-02-07 07:22:35,Running,,2.70,20:38,7:38,7.86,266.0,92,,"","",2023-02-07-072235.gpx
deaaa0d3-a753-4bda-aabe-107d997a829c,2023-02-06 17:46:40,Walking,,2.02,16:25,8:08,7.37,162.0,18,,"","",2023-02-06-174640.gpx
026109a0-40fc-45f0-81d9-a3a8d18576b5,2023-02-06 07:59:27,Running,,5.00,26:42,5:21,11.23,440.0,92,,"","",2023-02-06-075927.gpx
0b6523db-c5db-4581-8469-e1a4119d73da,2023-02-04 10:37:32,Running,,1.64,9:50,6:00,10.00,130.0,1,,"","",2023-02-04-103732.gpx
d14c988f-0dc5-4615-b0c3-3a66883d994e,2023-02-04 09:57:11,Running,,5.00,22:00,4:24,13.64,437.0,92,,"","",2023-02-04-095711.gpx
26180dd8-ee32-4115-95b7-19830a42a88b,2023-02-04 09:44:07,Running,,1.30,8:17,6:23,9.41,117.0,39,,"","",2023-02-04-094407.gpx
0794ff06-c333-4576-a625-e940241b97e9,2023-02-03 09:03:32,Cycling,,13.61,44:20,3:16,18.41,335.0,166,,"","",2023-02-03-090332.gpx
f88642d2-5f5d-4c67-ae16-8b85002206c2,2023-02-02 15:31:02,Running,,2.00,13:21,6:40,9.00,168.0,18,,"","",2023-02-02-153102.gpx
4aa04f9c-7dc2-48f2-bc73-4e4d5ed8413e,2023-02-01 08:16:38,Running,,6.16,41:43,6:46,8.87,535.0,97,,"","",2023-02-01-081638.gpx
c0e87d54-9ccf-46e1-af28-bfe5d680e39e,2023-01-31 10:00:38,Running,,5.01,25:52,5:10,11.63,442.0,94,,"","",2023-01-31-100038.gpx
57ffa79c-6701-4fa2-96ec-beeb245d9111,2023-01-29 09:11:17,Running,,16.00,1:38:28,6:09,9.75,1439.0,421,,"","",2023-01-29-091117.gpx
4518f83a-303f-452c-96c9-07bb35a15d3b,2023-01-28 09:23:55,Running,,5.01,22:12,4:26,13.53,441.0,96,,"","",2023-01-28-092355.gpx
1d2fc890-7bdd-4031-b748-82061dc4514e,2023-01-28 09:08:52,Running,,1.21,8:29,7:02,8.52,117.0,54,,"","",2023-01-28-090852.gpx
67634368-7499-42f7-b2c1-b945f59f8a60,2023-01-27 15:09:34,Running,,5.10,24:30,4:48,12.49,457.0,105,,"","",2023-01-27-150934.gpx
171c6f41-0073-4076-ab0f-4b072791545d,2023-01-27 14:55:59,Running,,1.00,6:10,6:08,9.77,95.0,37,,"","",2023-01-27-145559.gpx
6dabad4c-d8d6-4a37-8cdc-4e43a22b2117,2023-01-26 09:15:22,Running,,5.00,28:05,5:37,10.69,442.0,94,,"","",2023-01-26-091522.gpx
88cb47f3-d3a5-4682-9944-648a68e7a1ac,2023-01-25 09:54:27,Running,,5.00,27:12,5:26,11.04,444.0,95,,"","",2023-01-25-095427.gpx
ac62e9c6-9713-4dc2-bd7f-afe51a8779ee,2023-01-24 15:41:11,Running,,5.00,24:55,4:59,12.04,446.0,101,,"","",2023-01-24-154111.gpx
2bcc566e-a48d-46ea-887c-8ef0b9bf9271,2023-01-24 15:30:26,Running,,1.87,9:01,4:50,12.42,125.0,39,,"","",2023-01-24-153026.gpx
8b1efc4b-e0f8-4549-9e28-539a20ecfa00,2023-01-24 10:41:36,Walking,,2.00,13:07,6:33,9.16,164.0,17,,"","",2023-01-24-104136.gpx
ad420c04-8f31-4c4f-a4f8-bbc713f3542e,2023-01-23 10:48:38,Running,,7.00,41:50,5:58,10.04,611.0,113,,"","",2023-01-23-104838.gpx
cf03a11a-4d47-43b8-ae4d-30fe6bbd8ec5,2023-01-22 07:20:07,Running,,4.82,20:02,4:10,14.42,396.0,31,,"","",2023-01-22-072007.gpx
6a6f53ae-0f96-41db-b48a-5479314d811a,2023-01-21 09:29:04,Running,,5.00,21:53,4:23,13.71,440.0,100,,"","",2023-01-21-092904.gpx
78d38c7e-bd2e-44be-b675-8705d5136431,2023-01-21 09:14:20,Running,,1.24,8:29,6:49,8.80,115.0,52,,"","",2023-01-21-091420.gpx
4e885898-8035-41f1-80f9-9e0ddd4255d2,2023-01-20 07:48:31,Walking,,5.00,28:12,5:38,10.64,441.0,93,,"","",2023-01-20-074831.gpx
ea623035-9fc8-4c5e-8bdd-373f01bfe142,2023-01-19 07:26:18,Walking,,2.73,43:27,15:54,3.77,170.0,20,,"","",2023-01-19-072618.gpx
84404a3e-dd56-4503-9c12-94ff2627a58d,2023-01-18 16:34:54,Running,,5.00,26:38,5:19,11.27,427.0,51,,"","",2023-01-18-163454.gpx
e0eaaa57-7970-47f7-ac6f-a2fcb6c8225e,2023-01-14 07:40:16,Running,,5.00,32:18,6:28,9.28,425.0,52,,"","",2023-01-14-074016.gpx
23ea3b12-cdc9-4822-8a37-52dc4b43a762,2023-01-10 09:59:08,Running,,6.16,33:44,5:29,10.95,525.0,67,,"","",2023-01-10-095908.gpx
4fec0d4b-f973-4eda-9a92-3eb64903fd63,2023-01-08 07:56:36,Running,,5.02,28:18,5:38,10.64,442.0,93,,"","",2023-01-08-075636.gpx
6fc8b714-0f33-4ed3-b049-9b0a11dfd8f6,2023-01-06 09:57:28,Running,,4.98,26:54,5:24,11.11,441.0,94,,"","",2023-01-06-095728.gpx
a38dc339-372c-4bd0-a76c-f7b16e9bf9e8,2023-01-05 10:29:24,Running,,5.00,28:21,5:40,10.57,439.0,94,,"","",2023-01-05-102924.gpx
f8d51467-eafe-4aa7-ab99-b8733a22af8d,2023-01-03 08:30:13,Running,,7.88,45:01,5:43,10.50,717.0,195,,"","",2023-01-03-083013.gpx
777a8e40-61f0-47e6-add6-9b31f2c7183e,2023-01-02 11:01:53,Running,,4.99,23:53,4:47,12.54,440.0,93,,"","",2023-01-02-110153.gpx
e09ff2ee-d4fe-428b-88ee-a52a5e46f2cc,2023-01-01 12:50:16,Running,,5.00,28:02,5:37,10.70,442.0,95,,"","",2023-01-01-125016.gpx
